participant_id,stim_id,condition,end_time,stimuli_commit,content
101,403,list,2025-04-30 09:03:21.240533,016ade8906a505ae38465a128f685f542c204d4f,Please list ~10 different vegetables.
101,201,iteration,2025-04-30 09:06:48.480513,e3166776d802fed52dcf66c958454526eff9a498,"#include <iostream>  ### ITERATION ###                     

// Please complete the function to iteratively calculate 
// the nth Fibonacci number (i.e., 0, 1, 1, 2, 3, 5, 8...)
// Parameters: n - index for number in fibonacci sequence
int fibonacci(int n) {
    if (n <= 1) return n;
    int first = 0, second = 1, fibonacci = 0;

    // loop header
    for ( ) {
        // loop body
        
    }
}
"
101,205,iteration,2025-04-30 09:07:59.696399,e3166776d802fed52dcf66c958454526eff9a498,"#include <iostream>  ### ITERATION ###

// Please complete the function to iteratively calculate 
// the sum of the first n natural numbers
// Parameters: n - quantity of natural numbers to consider
int sumOfNaturalNumbers(int n) {
    int sum = 0;

    // loop header
    for ( ) {
        // loop body

    } 
}
"
101,304,prose,2025-04-30 09:09:58.675721,33206e4341d564a80e9a78ba3c2c4cd10f81311c,"The sun is brighter than a lightning bolt, which is brighter than…"
101,300,prose,2025-04-30 09:12:29.780167,33206e4341d564a80e9a78ba3c2c4cd10f81311c,"A boulder is heavier than a truck, which is heavier than..."
101,104,recursion,2025-04-30 09:15:30.603539,e3166776d802fed52dcf66c958454526eff9a498,"#include <iostream>  ### RECURSION ###

// Please complete the function to recursively calculate 
// the sum of the first n natural numbers
// Parameters: n - quantity of natural numbers to consider
int sumOfNaturalNumbers(int n) {
    
    // Base case


    // Active flow


    // Passive flow
    
}"
101,103,recursion,2025-04-30 09:23:32.134647,e3166776d802fed52dcf66c958454526eff9a498,"#include <iostream>  ### RECURSION ###
#include <string> 

// Please complete the function to recursively reverse 
// a given string.
// std::swap(a, b) may be useful
// Parameters: str - string to be reversed
//           start - index for beginning of subsequence
//             end - index for end of subsequence
void reverseString(std::string &str, int start, int end) {

    // Base case


    // Active flow


    // Passive flow
       
}"
101,402,list,2025-04-30 09:26:39.642814,016ade8906a505ae38465a128f685f542c204d4f,Please list ~10 different types of vehicles.
101,302,prose,2025-04-30 09:28:42.374747,33206e4341d564a80e9a78ba3c2c4cd10f81311c,"A grain of sand is smaller than a grain of rice, which is smaller than..."
101,102,recursion,2025-04-30 09:36:43.639681,e3166776d802fed52dcf66c958454526eff9a498,"#include <iostream>  ### RECURSION ###
#include <string> 

// Please complete the function to recursively calculate 
// all permutations of a given string. (i.e., 'ABC', 'ACB', 'BAC', 'BCA', 'CAB', 'CBA')
// Parameters: str - string to be permuted
//            left - index for beginning of subsequence
//           right - index for end of subsequence
void permute(std::string str, int left, int right) {
    
    // Base case


    // Active flow


    // Passive flow


}

int main() {
    std::string str = ""ABC"";
    permute(str, 0, str.size() - 1);
    return 0;
}"
101,100,recursion,2025-04-30 09:38:10.041927,e3166776d802fed52dcf66c958454526eff9a498,"#include <iostream>  ### RECURSION ###
#include <limits>  

// Please complete the function to recursively 
// calculate the nth Fibonacci number (i.e., 0, 1, 1, 2, 3, 5, 8...)
// Parameters: n - index for number in fibonacci sequence
int fibonacci(int n) {
    
    // Base case


    // Active flow


    // Passive flow


}

"
101,401,list,2025-04-30 09:38:50.154181,016ade8906a505ae38465a128f685f542c204d4f,Please list ~10 different types of office supplies.
101,202,iteration,2025-04-30 09:40:39.352865,e3166776d802fed52dcf66c958454526eff9a498,"#include <iostream>  ### ITERATION ###
#include <string>  

// Please complete the function to iteratively check 
// if a given string is a palindrome (i.e., 'racecar' <--> 'racecar')
// Parameters: str - string to be checked
bool isPalindrome(const std::string& str) {
    int start = 0;
    int end = str.length() - 1;

    // loop header
    while ( ) {
        // loop body
        
    }
}
"
101,307,prose,2025-04-30 09:42:38.366846,33206e4341d564a80e9a78ba3c2c4cd10f81311c,"A fan is quieter than a tea kettle, which is quieter than…"
101,405,list,2025-04-30 09:43:23.734194,016ade8906a505ae38465a128f685f542c204d4f,Please list ~10 types of clothing.
102,409,list,2025-10-08 09:51:28.413652,016ade8906a505ae38465a128f685f542c204d4f,Please list ~10 different tools.
102,105,recursion,2025-10-08 09:58:23.407070,76a246b4d7c07ecce1e05b5d9798cfcc56859f46,"### RECURSION ###

# Please complete the function to recursively calculate 
# whether a given integer is a palindrome (i.e., 12321, 2442)
# --- Without converting it into a string --- 
# Parameters: x - integer to test
def is_num_palindrome(x) -> bool:


    # Base case
     
   
    # Active flow
    
"
102,403,list,2025-10-08 10:00:08.913869,016ade8906a505ae38465a128f685f542c204d4f,Please list ~10 different vegetables.
102,402,list,2025-10-08 10:01:30.968920,016ade8906a505ae38465a128f685f542c204d4f,Please list ~10 different types of vehicles.
102,101,recursion,2025-10-08 10:04:22.991751,76a246b4d7c07ecce1e05b5d9798cfcc56859f46,"### RECURSION ### 

# Please complete the function to recursively check if 
# a given string is a palindrome.  (i.e., 'racecar' <--> 'racecar')
# Parameters: string - string to be checked
#           start - index for beginning of subsequence
#             end - index for end of subsequence
def isPalindrome(string, start, end) -> bool:
    
    # Base case


    # Active flow



"
102,103,recursion,2025-10-08 10:10:08.624781,76a246b4d7c07ecce1e05b5d9798cfcc56859f46,"### RECURSION ### 

# Please complete the function to recursively reverse 
# a given string.
# Parameters: string - string to be reversed
#           start - index for beginning of subsequence
#             end - index for end of subsequence
def reverseString(string, start, end) -> str:

    # Base case


    # Active flow


    # Passive flow
       
"
102,104,recursion,2025-10-08 10:13:21.083358,76a246b4d7c07ecce1e05b5d9798cfcc56859f46,"### RECURSION ###

# Please complete the function to recursively calculate 
# the sum of the first n natural numbers
# Parameters: n - quantity of natural numbers to consider
def sumOfNaturalNumbers(n) -> int:
    
    # Base case


    # Active flow


    # Passive flow
    
"
102,306,prose,2025-10-08 10:15:56.122622,33206e4341d564a80e9a78ba3c2c4cd10f81311c,"Lava is hotter than boiling water, which is hotter than…"
102,200,iteration,2025-10-08 10:20:34.993683,76a246b4d7c07ecce1e05b5d9798cfcc56859f46,"### ITERATION ###                      

# Please complete the function to iteratively perform binary search. 
# Parameters: array - list to be searched, 
#                 x - integer to find
def binarySearch(array, x) -> bool:

    # loop header (can do for or while loop)
    for     : 
        # loop body
        
   

    # return statement

"
102,201,iteration,2025-10-08 10:24:20.039229,76a246b4d7c07ecce1e05b5d9798cfcc56859f46,"### ITERATION ###                     

# Please complete the function to iteratively calculate 
# the nth Fibonacci number (i.e., 0, 1, 1, 2, 3, 5, 8...)
# Parameters: n - index for number in fibonacci sequence
def fibonacci(n) -> int:

    # loop header (can do for or while loop)
    for     :
        # loop body
        
    

    # return statement


"
102,102,recursion,2025-10-08 10:32:26.479662,76a246b4d7c07ecce1e05b5d9798cfcc56859f46,"### RECURSION ###

# Please complete the function to recursively print 
# all permutations of a given string. 
# (i.e., 'ABC', 'ACB', 'BAC', 'BCA', 'CAB', 'CBA')
# Parameters: string - string to be permuted
#            left - index for beginning of subsequence
#           right - index for end of subsequence
def permute(string, left, right) -> None:
    
    # Base case


    # Active flow


    # Passive flow


"
102,302,prose,2025-10-08 10:34:04.967691,33206e4341d564a80e9a78ba3c2c4cd10f81311c,"A grain of sand is smaller than a grain of rice, which is smaller than..."
102,307,prose,2025-10-08 10:36:22.797258,33206e4341d564a80e9a78ba3c2c4cd10f81311c,"A fan is quieter than a tea kettle, which is quieter than…"
102,205,iteration,2025-10-08 10:39:34.240580,76a246b4d7c07ecce1e05b5d9798cfcc56859f46,"### ITERATION ###

# Please complete the function to iteratively calculate 
# the sum of the first n natural numbers
# Parameters: n - quantity of natural numbers to consider
def sumOfNaturalNumbers(n) -> int:

    # loop header (can do for or while loop)
    for     :
        # loop body


    # return statement


"
102,100,recursion,2025-10-08 10:41:49.830231,76a246b4d7c07ecce1e05b5d9798cfcc56859f46,"### RECURSION ###

# Please complete the function to recursively 
# calculate the nth Fibonacci number (i.e., 0, 1, 1, 2, 3, 5, 8...)
# Parameters: n - index for number in fibonacci sequence
def fibonacci(n) -> int:
    
    # Base case


    # Active flow


    # Passive flow




"
102,300,prose,2025-10-08 10:43:42.420076,33206e4341d564a80e9a78ba3c2c4cd10f81311c,"A boulder is heavier than a truck, which is heavier than..."
102,304,prose,2025-10-08 10:45:44.343042,33206e4341d564a80e9a78ba3c2c4cd10f81311c,"The sun is brighter than a lightning bolt, which is brighter than…"
102,405,list,2025-10-08 10:48:34.703667,016ade8906a505ae38465a128f685f542c204d4f,Please list ~10 types of clothing.
102,202,iteration,2025-10-08 10:51:06.016240,76a246b4d7c07ecce1e05b5d9798cfcc56859f46,"### ITERATION ###  

# Please complete the function to iteratively check 
# if a given string is a palindrome 
# (i.e., 'racecar' <--> 'racecar')
# Parameters: string - string to be checked
def isPalindrome(string) -> bool:

    # loop header (can do for or while loop)
    for    :
        # loop body
        
   

    # return statement


"
102,401,list,2025-10-08 10:51:54.784195,016ade8906a505ae38465a128f685f542c204d4f,Please list ~10 different types of office supplies.
102,106,recursion,2025-10-08 10:55:34.856321,76a246b4d7c07ecce1e05b5d9798cfcc56859f46,"### RECURSION ###

# Please complete the function to recursively compute 
# whether the binary tree is symmetric 
# (i.e., the left subtree is a mirror-image of the right subtree)
# Parameters: root - TreeNode object of root node with fields: root.left, 
#       5                                                      root.right, 
#     3    3                                                   root.val
#    2  1 1  2
def is_symmetric(root) -> bool:
        
    # Base case
        

    # Active flow

"
103,308,prose,2025-09-02 18:15:03.856698,33206e4341d564a80e9a78ba3c2c4cd10f81311c,"A toothpick is shorter than a credit card, which is shorter than…"
103,407,list,2025-09-02 18:17:37.780745,016ade8906a505ae38465a128f685f542c204d4f,Please list ~10 different instruments.
103,205,iteration,2025-09-02 18:26:29.050514,f712b8a026521ff543a78342f13257ad58780f81,"### ITERATION ###

# Please complete the function to iteratively calculate 
# the sum of the first n natural numbers
# Parameters: n - quantity of natural numbers to consider
def sumOfNaturalNumbers(n):

    # loop header (can do for or while loop)
    for     :
        # loop body


    # return statement


"
104,301,prose,2025-10-29 14:31:44.176100,33206e4341d564a80e9a78ba3c2c4cd10f81311c,"A paper clip is cheaper than a pencil, which is cheaper than…"
104,405,list,2025-10-29 14:32:18.599189,016ade8906a505ae38465a128f685f542c204d4f,Please list ~10 types of clothing.
104,401,list,2025-10-29 14:33:01.105840,016ade8906a505ae38465a128f685f542c204d4f,Please list ~10 different types of office supplies.
104,106,recursion,2025-10-29 14:36:37.647128,76a246b4d7c07ecce1e05b5d9798cfcc56859f46,"### RECURSION ###

# Please complete the function to recursively compute 
# whether the binary tree is symmetric 
# (i.e., the left subtree is a mirror-image of the right subtree)
# Parameters: root - TreeNode object of root node with fields: root.left, 
#       5                                                      root.right, 
#     3    3                                                   root.val
#    2  1 1  2
def is_symmetric(root) -> bool:
        
    # Base case
        

    # Active flow

"
104,202,iteration,2025-10-29 14:39:41.072096,76a246b4d7c07ecce1e05b5d9798cfcc56859f46,"### ITERATION ###  

# Please complete the function to iteratively check 
# if a given string is a palindrome 
# (i.e., 'racecar' <--> 'racecar')
# Parameters: string - string to be checked
def isPalindrome(string) -> bool:

    # loop header (can do for or while loop)
    for    :
        # loop body
        
   

    # return statement


"
104,300,prose,2025-10-29 14:43:44.836035,33206e4341d564a80e9a78ba3c2c4cd10f81311c,"A boulder is heavier than a truck, which is heavier than..."
104,304,prose,2025-10-29 14:45:50.283321,33206e4341d564a80e9a78ba3c2c4cd10f81311c,"The sun is brighter than a lightning bolt, which is brighter than…"
104,205,iteration,2025-10-29 14:48:03.611391,76a246b4d7c07ecce1e05b5d9798cfcc56859f46,"### ITERATION ###

# Please complete the function to iteratively calculate 
# the sum of the first n natural numbers
# Parameters: n - quantity of natural numbers to consider
def sumOfNaturalNumbers(n) -> int:

    # loop header (can do for or while loop)
    for     :
        # loop body


    # return statement


"
104,100,recursion,2025-10-29 14:51:27.824690,76a246b4d7c07ecce1e05b5d9798cfcc56859f46,"### RECURSION ###

# Please complete the function to recursively 
# calculate the nth Fibonacci number (i.e., 0, 1, 1, 2, 3, 5, 8...)
# Parameters: n - index for number in fibonacci sequence
def fibonacci(n) -> int:
    
    # Base case


    # Active flow


    # Passive flow




"
104,302,prose,2025-10-29 14:55:01.314424,33206e4341d564a80e9a78ba3c2c4cd10f81311c,"A grain of sand is smaller than a grain of rice, which is smaller than..."
104,307,prose,2025-10-29 14:57:13.911145,33206e4341d564a80e9a78ba3c2c4cd10f81311c,"A fan is quieter than a tea kettle, which is quieter than…"
104,201,iteration,2025-10-29 15:01:34.180012,76a246b4d7c07ecce1e05b5d9798cfcc56859f46,"### ITERATION ###                     

# Please complete the function to iteratively calculate 
# the nth Fibonacci number (i.e., 0, 1, 1, 2, 3, 5, 8...)
# Parameters: n - index for number in fibonacci sequence
def fibonacci(n) -> int:

    # loop header (can do for or while loop)
    for     :
        # loop body
        
    

    # return statement


"
104,102,recursion,2025-10-29 15:08:17.093100,76a246b4d7c07ecce1e05b5d9798cfcc56859f46,"### RECURSION ###

# Please complete the function to recursively print 
# all permutations of a given string. 
# (i.e., 'ABC', 'ACB', 'BAC', 'BCA', 'CAB', 'CBA')
# Parameters: string - string to be permuted
#            left - index for beginning of subsequence
#           right - index for end of subsequence
def permute(string, left, right) -> None:
    
    # Base case


    # Active flow


    # Passive flow


"
104,308,prose,2025-10-29 15:11:33.651268,33206e4341d564a80e9a78ba3c2c4cd10f81311c,"A toothpick is shorter than a credit card, which is shorter than…"
104,407,list,2025-10-29 15:12:14.574466,016ade8906a505ae38465a128f685f542c204d4f,Please list ~10 different instruments.
104,404,list,2025-10-29 15:12:57.124722,016ade8906a505ae38465a128f685f542c204d4f,Please list ~10 different fruits.
104,206,iteration,2025-10-29 15:19:01.781343,76a246b4d7c07ecce1e05b5d9798cfcc56859f46,"### ITERATION ###

# Please complete the function to iteratively calculate 
# whether a given integer is a palindrome (i.e., 12321, 2442)
# --- Without converting it into a string --- 
# Parameters: x - integer to test
def is_num_palindrome(x) -> bool:
    
    # loop header (can do for or while loop)
    for    :
        # loop body


    # return statement
    "
104,203,iteration,2025-10-29 15:21:27.539807,76a246b4d7c07ecce1e05b5d9798cfcc56859f46,"### ITERATION ### 

# Please complete the function to iteratively reverse 
# a given string. 
# Parameters: string - string to be reversed
def reverseString(string) -> str:
    
    # loop header (can do for or while loop)
    for     :
        # loop body

    

    # return statement

"
104,306,prose,2025-10-29 15:25:33.999237,33206e4341d564a80e9a78ba3c2c4cd10f81311c,"Lava is hotter than boiling water, which is hotter than…"
104,200,iteration,2025-10-29 15:25:49.147953,76a246b4d7c07ecce1e05b5d9798cfcc56859f46,"### ITERATION ###                      

# Please complete the function to iteratively perform binary search. 
# Parameters: array - list to be searched, 
#                 x - integer to find
def binarySearch(array, x) -> bool:

    # loop header (can do for or while loop)
    for     : 
        # loop body
        
   

    # return statement

"
105,203,iteration,2025-09-05 15:05:22.983233,f712b8a026521ff543a78342f13257ad58780f81,"### ITERATION ### 

# Please complete the function to iteratively reverse 
# a given string. 
# Parameters: string - string to be reversed
def reverseString(string):
    
    # loop header (can do for or while loop)
    for     :
        # loop body

    

    # return statement

"
105,404,list,2025-09-05 15:06:10.440372,016ade8906a505ae38465a128f685f542c204d4f,Please list ~10 different fruits.
105,407,list,2025-09-05 15:06:35.347687,016ade8906a505ae38465a128f685f542c204d4f,Please list ~10 different instruments.
105,202,iteration,2025-09-05 15:11:02.500759,f712b8a026521ff543a78342f13257ad58780f81,"### ITERATION ###  

# Please complete the function to iteratively check 
# if a given string is a palindrome (i.e., 'racecar' <--> 'racecar')
# Parameters: string - string to be checked
def isPalindrome(string):

    # loop header (can do for or while loop)
    for    :
        # loop body
        
   

    # return statement


"
105,401,list,2025-09-05 15:11:39.611996,016ade8906a505ae38465a128f685f542c204d4f,Please list ~10 different types of office supplies.
105,405,list,2025-09-05 15:12:30.705315,016ade8906a505ae38465a128f685f542c204d4f,Please list ~10 types of clothing.
105,200,iteration,2025-09-05 15:17:39.037762,f712b8a026521ff543a78342f13257ad58780f81,"### ITERATION ###                      

# Please complete the function to iteratively perform binary search. 
# Parameters: array - list to be searched, 
#                                          x - integer to find
def binarySearch(array, x):

    # loop header (can do for or while loop)
    for     : 
        # loop body
        
   

    # return statement

"
105,103,recursion,2025-09-05 15:21:34.912271,f712b8a026521ff543a78342f13257ad58780f81,"### RECURSION ### 

# Please complete the function to recursively reverse 
# a given string.
# Parameters: string - string to be reversed
#           start_idx - index for beginning of subsequence
#             end_idx - index for end of subsequence
def reverseString(string, start_idx, end_idx):

    # Base case


    # Active flow


    # Passive flow
       
"
105,104,recursion,2025-09-05 15:21:35.178088,f712b8a026521ff543a78342f13257ad58780f81,"### RECURSION ###

# Please complete the function to recursively calculate 
# the sum of the first n natural numbers
# Parameters: n - quantity of natural numbers to consider
def sumOfNaturalNumbers(n):
    
    # Base case


    # Active flow


    # Passive flow
    
"
105,304,prose,2025-09-05 15:25:33.533729,33206e4341d564a80e9a78ba3c2c4cd10f81311c,"The sun is brighter than a lightning bolt, which is brighter than…"
105,201,iteration,2025-09-05 15:25:33.818845,f712b8a026521ff543a78342f13257ad58780f81,"### ITERATION ###                     

# Please complete the function to iteratively calculate 
# the nth Fibonacci number (i.e., 0, 1, 1, 2, 3, 5, 8...)
# Parameters: n - index for number in fibonacci sequence
def fibonacci(n):

    # loop header (can do for or while loop)
    for     :
        # loop body
        
    

    # return statement


"
105,205,iteration,2025-09-05 15:26:23.654882,f712b8a026521ff543a78342f13257ad58780f81,"### ITERATION ###

# Please complete the function to iteratively calculate 
# the sum of the first n natural numbers
# Parameters: n - quantity of natural numbers to consider
def sumOfNaturalNumbers(n):

    # loop header (can do for or while loop)
    for     :
        # loop body


    # return statement


"
105,402,list,2025-09-05 15:28:47.818598,016ade8906a505ae38465a128f685f542c204d4f,Please list ~10 different types of vehicles.
105,403,list,2025-09-05 15:29:33.644473,016ade8906a505ae38465a128f685f542c204d4f,Please list ~10 different vegetables.
105,409,list,2025-09-05 15:30:19.101959,016ade8906a505ae38465a128f685f542c204d4f,Please list ~10 different tools.
105,307,prose,2025-09-05 15:34:15.265087,33206e4341d564a80e9a78ba3c2c4cd10f81311c,"A fan is quieter than a tea kettle, which is quieter than…"
105,100,recursion,2025-09-05 15:35:18.765646,f712b8a026521ff543a78342f13257ad58780f81,"### RECURSION ###

# Please complete the function to recursively 
# calculate the nth Fibonacci number (i.e., 0, 1, 1, 2, 3, 5, 8...)
# Parameters: n - index for number in fibonacci sequence
def fibonacci(n):
    
    # Base case


    # Active flow


    # Passive flow




"
105,102,recursion,2025-09-05 15:40:44.118232,f712b8a026521ff543a78342f13257ad58780f81,"### RECURSION ###

# Please complete the function to recursively calculate 
# all permutations of a given string. (i.e., 'ABC', 'ACB', 'BAC', 'BCA', 'CAB', 'CBA')
# Parameters: string - string to be permuted
#            left_idx - index for beginning of subsequence
#           right_idx - index for end of subsequence
def permute(string, left_idx, right_idx):
    
    # Base case


    # Active flow


    # Passive flow


"
106,302,prose,2025-09-03 17:27:57.263017,33206e4341d564a80e9a78ba3c2c4cd10f81311c,"A grain of sand is smaller than a grain of rice, which is smaller than..."
106,102,recursion,2025-09-03 17:36:01.262016,f712b8a026521ff543a78342f13257ad58780f81,"### RECURSION ###

# Please complete the function to recursively calculate 
# all permutations of a given string. (i.e., 'ABC', 'ACB', 'BAC', 'BCA', 'CAB', 'CBA')
# Parameters: string - string to be permuted
#            left_idx - index for beginning of subsequence
#           right_idx - index for end of subsequence
def permute(string, left_idx, right_idx):
    
    # Base case


    # Active flow


    # Passive flow


"
106,308,prose,2025-09-03 17:44:02.908797,33206e4341d564a80e9a78ba3c2c4cd10f81311c,"A toothpick is shorter than a credit card, which is shorter than…"
106,407,list,2025-09-03 17:45:31.796979,016ade8906a505ae38465a128f685f542c204d4f,Please list ~10 different instruments.
106,404,list,2025-09-03 17:46:53.847303,016ade8906a505ae38465a128f685f542c204d4f,Please list ~10 different fruits.
106,101,recursion,2025-09-03 17:53:43.209339,f712b8a026521ff543a78342f13257ad58780f81,"### RECURSION ### 

# Please complete the function to recursively check if 
# a given string is a palindrome.  (i.e., 'racecar' <--> 'racecar')
# Parameters: string - string to be checked
#           start_idx - index for beginning of subsequence
#             end_idx - index for end of subsequence
def isPalindrome(string, start_idx, end_idx):
    
    # Base case


    # Passive flow


    # Active flow



"
106,409,list,2025-09-03 17:56:15.360047,016ade8906a505ae38465a128f685f542c204d4f,Please list ~10 different tools.
106,403,list,2025-09-03 17:58:07.982525,016ade8906a505ae38465a128f685f542c204d4f,Please list ~10 different vegetables.
106,301,prose,2025-09-03 18:02:18.634292,33206e4341d564a80e9a78ba3c2c4cd10f81311c,"A paper clip is cheaper than a pencil, which is cheaper than…"
106,405,list,2025-09-03 18:04:21.651577,016ade8906a505ae38465a128f685f542c204d4f,Please list ~10 types of clothing.
106,401,list,2025-09-03 18:05:30.452246,016ade8906a505ae38465a128f685f542c204d4f,Please list ~10 different types of office supplies.
106,300,prose,2025-09-03 18:09:30.130321,33206e4341d564a80e9a78ba3c2c4cd10f81311c,"A boulder is heavier than a truck, which is heavier than..."
106,205,iteration,2025-09-03 18:11:29.092166,f712b8a026521ff543a78342f13257ad58780f81,"### ITERATION ###

# Please complete the function to iteratively calculate 
# the sum of the first n natural numbers
# Parameters: n - quantity of natural numbers to consider
def sumOfNaturalNumbers(n):

    # loop header (can do for or while loop)
    for     :
        # loop body


    # return statement


"
106,201,iteration,2025-09-03 18:17:32.961640,f712b8a026521ff543a78342f13257ad58780f81,"### ITERATION ###                     

# Please complete the function to iteratively calculate 
# the nth Fibonacci number (i.e., 0, 1, 1, 2, 3, 5, 8...)
# Parameters: n - index for number in fibonacci sequence
def fibonacci(n):

    # loop header (can do for or while loop)
    for     :
        # loop body
        
    

    # return statement


"
106,306,prose,2025-09-03 18:21:42.998321,33206e4341d564a80e9a78ba3c2c4cd10f81311c,"Lava is hotter than boiling water, which is hotter than…"
106,104,recursion,2025-09-03 18:23:52.594574,f712b8a026521ff543a78342f13257ad58780f81,"### RECURSION ###

# Please complete the function to recursively calculate 
# the sum of the first n natural numbers
# Parameters: n - quantity of natural numbers to consider
def sumOfNaturalNumbers(n):
    
    # Base case


    # Active flow


    # Passive flow
    
"
107,205,iteration,2025-09-23 13:43:14.808466,704806b426cd1776e4edfe8744e0a78771b5053d,"### ITERATION ###

# Please complete the function to iteratively calculate 
# the sum of the first n natural numbers
# Parameters: n - quantity of natural numbers to consider
def sumOfNaturalNumbers(n) -> int:

    # loop header (can do for or while loop)
    for     :
        # loop body


    # return statement


"
107,300,prose,2025-09-23 13:44:50.359917,33206e4341d564a80e9a78ba3c2c4cd10f81311c,"A boulder is heavier than a truck, which is heavier than..."
107,304,prose,2025-09-23 13:46:42.957415,33206e4341d564a80e9a78ba3c2c4cd10f81311c,"The sun is brighter than a lightning bolt, which is brighter than…"
107,100,recursion,2025-09-23 13:48:31.274965,c9162139c0437acf6457d10e5ed1c4c3ed2ebfde,"### RECURSION ###

# Please complete the function to recursively 
# calculate the nth Fibonacci number (i.e., 0, 1, 1, 2, 3, 5, 8...)
# Parameters: n - index for number in fibonacci sequence
def fibonacci(n) -> int:
    
    # Base case


    # Active flow


    # Passive flow




"
107,308,prose,2025-09-23 13:52:16.402926,33206e4341d564a80e9a78ba3c2c4cd10f81311c,"A toothpick is shorter than a credit card, which is shorter than…"
107,404,list,2025-09-23 13:52:48.159771,016ade8906a505ae38465a128f685f542c204d4f,Please list ~10 different fruits.
107,206,iteration,2025-09-23 13:58:53.434009,704806b426cd1776e4edfe8744e0a78771b5053d,"### ITERATION ###

# Please complete the function to iteratively calculate 
# whether a given integer is a palindrome (i.e., 12321, 2442)
# --- Without converting it into a string --- 
# Parameters: x - integer to test
def is_num_palindrome(x) -> bool:
    
    # loop header (can do for or while loop)
    for    :
        # loop body


    # return statement
    "
107,407,list,2025-09-23 13:59:35.413963,016ade8906a505ae38465a128f685f542c204d4f,Please list ~10 different instruments.
107,203,iteration,2025-09-23 14:01:17.299698,704806b426cd1776e4edfe8744e0a78771b5053d,"### ITERATION ### 

# Please complete the function to iteratively reverse 
# a given string. 
# Parameters: string - string to be reversed
def reverseString(string) -> str:
    
    # loop header (can do for or while loop)
    for     :
        # loop body

    

    # return statement

"
107,301,prose,2025-09-23 14:05:19.537007,33206e4341d564a80e9a78ba3c2c4cd10f81311c,"A paper clip is cheaper than a pencil, which is cheaper than…"
107,401,list,2025-09-23 14:05:58.522716,016ade8906a505ae38465a128f685f542c204d4f,Please list ~10 different types of office supplies.
107,106,recursion,2025-09-23 14:12:42.247963,c9162139c0437acf6457d10e5ed1c4c3ed2ebfde,"### RECURSION ###

# Please complete the function to recursively compute 
whether the binary tree is symmetric 
# (i.e., the left subtree is the same as the right subtree)
# Parameters: root - TreeNode object of root node with fields: root.left, 
#                                                              root.right, 
#                                                              root.val
def is_symmetric(root) -> bool:
        
    # Base case
        

    # Active flow

"
107,405,list,2025-09-23 14:13:22.867700,016ade8906a505ae38465a128f685f542c204d4f,Please list ~10 types of clothing.
107,202,iteration,2025-09-23 14:14:52.942921,704806b426cd1776e4edfe8744e0a78771b5053d,"### ITERATION ###  

# Please complete the function to iteratively check 
# if a given string is a palindrome 
# (i.e., 'racecar' <--> 'racecar')
# Parameters: string - string to be checked
def isPalindrome(string) -> bool:

    # loop header (can do for or while loop)
    for    :
        # loop body
        
   

    # return statement


"
107,201,iteration,2025-09-23 14:20:04.105788,704806b426cd1776e4edfe8744e0a78771b5053d,"### ITERATION ###                     

# Please complete the function to iteratively calculate 
# the nth Fibonacci number (i.e., 0, 1, 1, 2, 3, 5, 8...)
# Parameters: n - index for number in fibonacci sequence
def fibonacci(n) -> int:

    # loop header (can do for or while loop)
    for     :
        # loop body
        
    

    # return statement


"
107,302,prose,2025-09-23 14:21:23.172575,33206e4341d564a80e9a78ba3c2c4cd10f81311c,"A grain of sand is smaller than a grain of rice, which is smaller than..."
107,307,prose,2025-09-23 14:23:02.239195,33206e4341d564a80e9a78ba3c2c4cd10f81311c,"A fan is quieter than a tea kettle, which is quieter than…"
108,300,prose,2025-09-11 17:54:39.515904,33206e4341d564a80e9a78ba3c2c4cd10f81311c,"A boulder is heavier than a truck, which is heavier than..."
108,304,prose,2025-09-11 17:57:13.849076,33206e4341d564a80e9a78ba3c2c4cd10f81311c,"The sun is brighter than a lightning bolt, which is brighter than…"
108,205,iteration,2025-09-11 18:00:05.976684,c9162139c0437acf6457d10e5ed1c4c3ed2ebfde,"### ITERATION ###

# Please complete the function to iteratively calculate 
# the sum of the first n natural numbers
# Parameters: n - quantity of natural numbers to consider
def sumOfNaturalNumbers(n) -> int:

    # loop header (can do for or while loop)
    for     :
        # loop body


    # return statement


"
108,100,recursion,2025-09-11 18:03:01.972334,c9162139c0437acf6457d10e5ed1c4c3ed2ebfde,"### RECURSION ###

# Please complete the function to recursively 
# calculate the nth Fibonacci number (i.e., 0, 1, 1, 2, 3, 5, 8...)
# Parameters: n - index for number in fibonacci sequence
def fibonacci(n) -> int:
    
    # Base case


    # Active flow


    # Passive flow




"
108,306,prose,2025-09-11 18:07:54.399225,33206e4341d564a80e9a78ba3c2c4cd10f81311c,"Lava is hotter than boiling water, which is hotter than…"
108,200,iteration,2025-09-11 18:10:37.973358,c9162139c0437acf6457d10e5ed1c4c3ed2ebfde,"### ITERATION ###                      

# Please complete the function to iteratively perform binary search. 
# Parameters: array - list to be searched, 
#                 x - integer to find
def binarySearch(array, x) -> bool:

    # loop header (can do for or while loop)
    for     : 
        # loop body
        
   

    # return statement

"
108,103,recursion,2025-09-11 18:18:44.020234,c9162139c0437acf6457d10e5ed1c4c3ed2ebfde,"### RECURSION ### 

# Please complete the function to recursively reverse 
# a given string.
# Parameters: string - string to be reversed
#           start - index for beginning of subsequence
#             end - index for end of subsequence
def reverseString(string, start, end) -> str:

    # Base case


    # Active flow


    # Passive flow
       
"
108,104,recursion,2025-09-11 18:20:10.800706,c9162139c0437acf6457d10e5ed1c4c3ed2ebfde,"### RECURSION ###

# Please complete the function to recursively calculate 
# the sum of the first n natural numbers
# Parameters: n - quantity of natural numbers to consider
def sumOfNaturalNumbers(n) -> int:
    
    # Base case


    # Active flow


    # Passive flow
    
"
108,301,prose,2025-09-11 18:24:16.367054,33206e4341d564a80e9a78ba3c2c4cd10f81311c,"A paper clip is cheaper than a pencil, which is cheaper than…"
108,202,iteration,2025-09-11 18:27:04.015620,c9162139c0437acf6457d10e5ed1c4c3ed2ebfde,"### ITERATION ###  

# Please complete the function to iteratively check 
# if a given string is a palindrome 
# (i.e., 'racecar' <--> 'racecar')
# Parameters: string - string to be checked
def isPalindrome(string) -> bool:

    # loop header (can do for or while loop)
    for    :
        # loop body
        
   

    # return statement


"
108,106,recursion,2025-09-11 18:33:03.110546,c9162139c0437acf6457d10e5ed1c4c3ed2ebfde,"### RECURSION ###

# Please complete the function to recursively compute 
whether the binary tree is symmetric 
# (i.e., the left subtree is the same as the right subtree)
# Parameters: root - TreeNode object of root node with fields: root.left, 
#                                                              root.right, 
#                                                              root.val
def is_symmetric(root) -> bool:
        
    # Base case
        

    # Active flow

"
108,401,list,2025-09-11 18:34:36.729180,016ade8906a505ae38465a128f685f542c204d4f,Please list ~10 different types of office supplies.
108,405,list,2025-09-11 18:36:00.730241,016ade8906a505ae38465a128f685f542c204d4f,Please list ~10 types of clothing.
108,101,recursion,2025-09-11 18:42:14.453519,c9162139c0437acf6457d10e5ed1c4c3ed2ebfde,"### RECURSION ### 

# Please complete the function to recursively check if 
# a given string is a palindrome.  (i.e., 'racecar' <--> 'racecar')
# Parameters: string - string to be checked
#           start - index for beginning of subsequence
#             end - index for end of subsequence
def isPalindrome(string, start, end) -> bool:
    
    # Base case


    # Active flow



"
108,105,recursion,2025-09-11 18:44:52.624683,c9162139c0437acf6457d10e5ed1c4c3ed2ebfde,"### RECURSION ###

# Please complete the function to recursively calculate 
# whether a given integer is a palindrome (i.e., 12321, 2442)
# --- Without converting it into a string --- 
# Parameters: x - integer to test
def is_num_palindrome(x) -> bool:


    # Base case
     
   
    # Active flow
    
"
108,402,list,2025-09-11 18:46:57.591025,016ade8906a505ae38465a128f685f542c204d4f,Please list ~10 different types of vehicles.
108,403,list,2025-09-11 18:48:39.717615,016ade8906a505ae38465a128f685f542c204d4f,Please list ~10 different vegetables.
108,409,list,2025-09-11 18:50:49.595557,016ade8906a505ae38465a128f685f542c204d4f,Please list ~10 different tools.
108,302,prose,2025-09-11 18:55:23.093860,33206e4341d564a80e9a78ba3c2c4cd10f81311c,"A grain of sand is smaller than a grain of rice, which is smaller than..."
109,404,list,2025-09-16 07:57:14.585104,016ade8906a505ae38465a128f685f542c204d4f,Please list ~10 different fruits.
109,206,iteration,2025-09-16 08:03:18.110003,c9162139c0437acf6457d10e5ed1c4c3ed2ebfde,"### ITERATION ###

# Please complete the function to iteratively calculate 
# whether a given integer is a palindrome (i.e., 12321, 2442)
# --- Without converting it into a string --- 
# Parameters: x - integer to test
def is_num_palindrome(x) -> bool:
    
    # loop header (can do for or while loop)
    for    :
        # loop body


    # return statement
    "
109,407,list,2025-09-16 08:04:16.979332,016ade8906a505ae38465a128f685f542c204d4f,Please list ~10 different instruments.
109,203,iteration,2025-09-16 08:08:24.224449,704806b426cd1776e4edfe8744e0a78771b5053d,"### ITERATION ### 

# Please complete the function to iteratively reverse 
# a given string. 
# Parameters: string - string to be reversed
def reverseString(string) -> str:
    
    # loop header (can do for or while loop)
    for     :
        # loop body

    

    # return statement

"
109,308,prose,2025-09-16 08:10:59.387934,33206e4341d564a80e9a78ba3c2c4cd10f81311c,"A toothpick is shorter than a credit card, which is shorter than…"
109,302,prose,2025-09-16 08:14:59.362980,33206e4341d564a80e9a78ba3c2c4cd10f81311c,"A grain of sand is smaller than a grain of rice, which is smaller than..."
109,307,prose,2025-09-16 08:17:33.817388,33206e4341d564a80e9a78ba3c2c4cd10f81311c,"A fan is quieter than a tea kettle, which is quieter than…"
109,201,iteration,2025-09-16 08:23:39.942346,704806b426cd1776e4edfe8744e0a78771b5053d,"### ITERATION ###                     

# Please complete the function to iteratively calculate 
# the nth Fibonacci number (i.e., 0, 1, 1, 2, 3, 5, 8...)
# Parameters: n - index for number in fibonacci sequence
def fibonacci(n) -> int:

    # loop header (can do for or while loop)
    for     :
        # loop body
        
    

    # return statement


"
109,102,recursion,2025-09-16 08:27:25.273852,c9162139c0437acf6457d10e5ed1c4c3ed2ebfde,"### RECURSION ###

# Please complete the function to recursively print 
# all permutations of a given string. 
# (i.e., 'ABC', 'ACB', 'BAC', 'BCA', 'CAB', 'CBA')
# Parameters: string - string to be permuted
#            left - index for beginning of subsequence
#           right - index for end of subsequence
def permute(string, left, right) -> None:
    
    # Base case


    # Active flow


    # Passive flow


"
109,300,prose,2025-09-16 08:31:32.589616,33206e4341d564a80e9a78ba3c2c4cd10f81311c,"A boulder is heavier than a truck, which is heavier than..."
109,304,prose,2025-09-16 08:33:49.770116,33206e4341d564a80e9a78ba3c2c4cd10f81311c,"The sun is brighter than a lightning bolt, which is brighter than…"
109,205,iteration,2025-09-16 08:35:13.518716,704806b426cd1776e4edfe8744e0a78771b5053d,"### ITERATION ###

# Please complete the function to iteratively calculate 
# the sum of the first n natural numbers
# Parameters: n - quantity of natural numbers to consider
def sumOfNaturalNumbers(n) -> int:

    # loop header (can do for or while loop)
    for     :
        # loop body


    # return statement


"
109,100,recursion,2025-09-16 08:38:07.593168,c9162139c0437acf6457d10e5ed1c4c3ed2ebfde,"### RECURSION ###

# Please complete the function to recursively 
# calculate the nth Fibonacci number (i.e., 0, 1, 1, 2, 3, 5, 8...)
# Parameters: n - index for number in fibonacci sequence
def fibonacci(n) -> int:
    
    # Base case


    # Active flow


    # Passive flow




"
109,403,list,2025-09-16 08:40:45.556889,016ade8906a505ae38465a128f685f542c204d4f,Please list ~10 different vegetables.
109,402,list,2025-09-16 08:41:49.066639,016ade8906a505ae38465a128f685f542c204d4f,Please list ~10 different types of vehicles.
109,409,list,2025-09-16 08:42:51.465505,016ade8906a505ae38465a128f685f542c204d4f,Please list ~10 different tools.
109,105,recursion,2025-09-16 08:50:17.627124,c9162139c0437acf6457d10e5ed1c4c3ed2ebfde,"### RECURSION ###

# Please complete the function to recursively calculate 
# whether a given integer is a palindrome (i.e., 12321, 2442)
# --- Without converting it into a string --- 
# Parameters: x - integer to test
def is_num_palindrome(x) -> bool:


    # Base case
     
   
    # Active flow
    
"
109,101,recursion,2025-09-16 08:54:04.389441,c9162139c0437acf6457d10e5ed1c4c3ed2ebfde,"### RECURSION ### 

# Please complete the function to recursively check if 
# a given string is a palindrome.  (i.e., 'racecar' <--> 'racecar')
# Parameters: string - string to be checked
#           start - index for beginning of subsequence
#             end - index for end of subsequence
def isPalindrome(string, start, end) -> bool:
    
    # Base case


    # Active flow



"
110,407,list,2025-09-22 20:04:19.612543,016ade8906a505ae38465a128f685f542c204d4f,Please list ~10 different instruments.
110,203,iteration,2025-09-22 20:05:09.451974,704806b426cd1776e4edfe8744e0a78771b5053d,"### ITERATION ### 

# Please complete the function to iteratively reverse 
# a given string. 
# Parameters: string - string to be reversed
def reverseString(string) -> str:
    
    # loop header (can do for or while loop)
    for     :
        # loop body

    

    # return statement

"
110,404,list,2025-09-22 20:07:34.588664,016ade8906a505ae38465a128f685f542c204d4f,Please list ~10 different fruits.
110,206,iteration,2025-09-22 20:13:40.508842,704806b426cd1776e4edfe8744e0a78771b5053d,"### ITERATION ###

# Please complete the function to iteratively calculate 
# whether a given integer is a palindrome (i.e., 12321, 2442)
# --- Without converting it into a string --- 
# Parameters: x - integer to test
def is_num_palindrome(x) -> bool:
    
    # loop header (can do for or while loop)
    for    :
        # loop body


    # return statement
    "
110,308,prose,2025-09-22 20:15:21.372617,33206e4341d564a80e9a78ba3c2c4cd10f81311c,"A toothpick is shorter than a credit card, which is shorter than…"
110,306,prose,2025-09-22 20:22:10.294486,33206e4341d564a80e9a78ba3c2c4cd10f81311c,"Lava is hotter than boiling water, which is hotter than…"
110,200,iteration,2025-09-22 20:25:33.714316,704806b426cd1776e4edfe8744e0a78771b5053d,"### ITERATION ###                      

# Please complete the function to iteratively perform binary search. 
# Parameters: array - list to be searched, 
#                 x - integer to find
def binarySearch(array, x) -> bool:

    # loop header (can do for or while loop)
    for     : 
        # loop body
        
   

    # return statement

"
110,103,recursion,2025-09-22 20:29:20.626472,c9162139c0437acf6457d10e5ed1c4c3ed2ebfde,"### RECURSION ### 

# Please complete the function to recursively reverse 
# a given string.
# Parameters: string - string to be reversed
#           start - index for beginning of subsequence
#             end - index for end of subsequence
def reverseString(string, start, end) -> str:

    # Base case


    # Active flow


    # Passive flow
       
"
110,104,recursion,2025-09-22 20:30:31.887716,c9162139c0437acf6457d10e5ed1c4c3ed2ebfde,"### RECURSION ###

# Please complete the function to recursively calculate 
# the sum of the first n natural numbers
# Parameters: n - quantity of natural numbers to consider
def sumOfNaturalNumbers(n) -> int:
    
    # Base case


    # Active flow


    # Passive flow
    
"
110,405,list,2025-09-22 20:34:26.940644,016ade8906a505ae38465a128f685f542c204d4f,Please list ~10 types of clothing.
110,202,iteration,2025-09-22 20:36:10.161181,704806b426cd1776e4edfe8744e0a78771b5053d,"### ITERATION ###  

# Please complete the function to iteratively check 
# if a given string is a palindrome 
# (i.e., 'racecar' <--> 'racecar')
# Parameters: string - string to be checked
def isPalindrome(string) -> bool:

    # loop header (can do for or while loop)
    for    :
        # loop body
        
   

    # return statement


"
110,401,list,2025-09-22 20:37:27.013385,016ade8906a505ae38465a128f685f542c204d4f,Please list ~10 different types of office supplies.
110,106,recursion,2025-09-22 20:41:56.613223,c9162139c0437acf6457d10e5ed1c4c3ed2ebfde,"### RECURSION ###

# Please complete the function to recursively compute 
whether the binary tree is symmetric 
# (i.e., the left subtree is the same as the right subtree)
# Parameters: root - TreeNode object of root node with fields: root.left, 
#                                                              root.right, 
#                                                              root.val
def is_symmetric(root) -> bool:
        
    # Base case
        

    # Active flow

"
110,301,prose,2025-09-22 20:43:54.330683,33206e4341d564a80e9a78ba3c2c4cd10f81311c,"A paper clip is cheaper than a pencil, which is cheaper than…"
110,300,prose,2025-09-22 20:48:15.720183,33206e4341d564a80e9a78ba3c2c4cd10f81311c,"A boulder is heavier than a truck, which is heavier than..."
110,304,prose,2025-09-22 20:50:51.559722,33206e4341d564a80e9a78ba3c2c4cd10f81311c,"The sun is brighter than a lightning bolt, which is brighter than…"
110,205,iteration,2025-09-22 20:51:50.008074,704806b426cd1776e4edfe8744e0a78771b5053d,"### ITERATION ###

# Please complete the function to iteratively calculate 
# the sum of the first n natural numbers
# Parameters: n - quantity of natural numbers to consider
def sumOfNaturalNumbers(n) -> int:

    # loop header (can do for or while loop)
    for     :
        # loop body


    # return statement


"
110,100,recursion,2025-09-22 20:52:59.744967,c9162139c0437acf6457d10e5ed1c4c3ed2ebfde,"### RECURSION ###

# Please complete the function to recursively 
# calculate the nth Fibonacci number (i.e., 0, 1, 1, 2, 3, 5, 8...)
# Parameters: n - index for number in fibonacci sequence
def fibonacci(n) -> int:
    
    # Base case


    # Active flow


    # Passive flow




"
112,302,prose,2025-09-27 08:26:22.950872,33206e4341d564a80e9a78ba3c2c4cd10f81311c,"A grain of sand is smaller than a grain of rice, which is smaller than..."
112,307,prose,2025-09-27 08:28:50.530240,33206e4341d564a80e9a78ba3c2c4cd10f81311c,"A fan is quieter than a tea kettle, which is quieter than…"
112,201,iteration,2025-09-27 08:34:54.723638,76a246b4d7c07ecce1e05b5d9798cfcc56859f46,"### ITERATION ###                     

# Please complete the function to iteratively calculate 
# the nth Fibonacci number (i.e., 0, 1, 1, 2, 3, 5, 8...)
# Parameters: n - index for number in fibonacci sequence
def fibonacci(n) -> int:

    # loop header (can do for or while loop)
    for     :
        # loop body
        
    

    # return statement


"
112,102,recursion,2025-09-27 08:43:32.642546,76a246b4d7c07ecce1e05b5d9798cfcc56859f46,"### RECURSION ###

# Please complete the function to recursively print 
# all permutations of a given string. 
# (i.e., 'ABC', 'ACB', 'BAC', 'BCA', 'CAB', 'CBA')
# Parameters: string - string to be permuted
#            left - index for beginning of subsequence
#           right - index for end of subsequence
def permute(string, left, right) -> None:
    
    # Base case


    # Active flow


    # Passive flow


"
112,300,prose,2025-09-27 09:03:15.467718,33206e4341d564a80e9a78ba3c2c4cd10f81311c,"A boulder is heavier than a truck, which is heavier than..."
112,304,prose,2025-09-27 09:05:15.514770,33206e4341d564a80e9a78ba3c2c4cd10f81311c,"The sun is brighter than a lightning bolt, which is brighter than…"
112,205,iteration,2025-09-27 09:07:01.722315,76a246b4d7c07ecce1e05b5d9798cfcc56859f46,"### ITERATION ###

# Please complete the function to iteratively calculate 
# the sum of the first n natural numbers
# Parameters: n - quantity of natural numbers to consider
def sumOfNaturalNumbers(n) -> int:

    # loop header (can do for or while loop)
    for     :
        # loop body


    # return statement


"
112,100,recursion,2025-09-27 09:09:31.006780,76a246b4d7c07ecce1e05b5d9798cfcc56859f46,"### RECURSION ###

# Please complete the function to recursively 
# calculate the nth Fibonacci number (i.e., 0, 1, 1, 2, 3, 5, 8...)
# Parameters: n - index for number in fibonacci sequence
def fibonacci(n) -> int:
    
    # Base case


    # Active flow


    # Passive flow




"
112,306,prose,2025-09-27 09:13:25.068032,33206e4341d564a80e9a78ba3c2c4cd10f81311c,"Lava is hotter than boiling water, which is hotter than…"
112,200,iteration,2025-09-27 09:19:30.762643,76a246b4d7c07ecce1e05b5d9798cfcc56859f46,"### ITERATION ###                      

# Please complete the function to iteratively perform binary search. 
# Parameters: array - list to be searched, 
#                 x - integer to find
def binarySearch(array, x) -> bool:

    # loop header (can do for or while loop)
    for     : 
        # loop body
        
   

    # return statement

"
112,103,recursion,2025-09-27 09:24:01.871080,76a246b4d7c07ecce1e05b5d9798cfcc56859f46,"### RECURSION ### 

# Please complete the function to recursively reverse 
# a given string.
# Parameters: string - string to be reversed
#           start - index for beginning of subsequence
#             end - index for end of subsequence
def reverseString(string, start, end) -> str:

    # Base case


    # Active flow


    # Passive flow
       
"
112,104,recursion,2025-09-27 09:24:54.055719,76a246b4d7c07ecce1e05b5d9798cfcc56859f46,"### RECURSION ###

# Please complete the function to recursively calculate 
# the sum of the first n natural numbers
# Parameters: n - quantity of natural numbers to consider
def sumOfNaturalNumbers(n) -> int:
    
    # Base case


    # Active flow


    # Passive flow
    
"
113,103,recursion,2025-10-20 13:24:37.622206,76a246b4d7c07ecce1e05b5d9798cfcc56859f46,"### RECURSION ### 

# Please complete the function to recursively reverse 
# a given string.
# Parameters: string - string to be reversed
#           start - index for beginning of subsequence
#             end - index for end of subsequence
def reverseString(string, start, end) -> str:

    # Base case


    # Active flow


    # Passive flow
       
"
113,104,recursion,2025-10-20 13:26:31.242631,76a246b4d7c07ecce1e05b5d9798cfcc56859f46,"### RECURSION ###

# Please complete the function to recursively calculate 
# the sum of the first n natural numbers
# Parameters: n - quantity of natural numbers to consider
def sumOfNaturalNumbers(n) -> int:
    
    # Base case


    # Active flow


    # Passive flow
    
"
113,306,prose,2025-10-20 13:28:47.665659,33206e4341d564a80e9a78ba3c2c4cd10f81311c,"Lava is hotter than boiling water, which is hotter than…"
113,200,iteration,2025-10-20 13:34:47.762790,76a246b4d7c07ecce1e05b5d9798cfcc56859f46,"### ITERATION ###                      

# Please complete the function to iteratively perform binary search. 
# Parameters: array - list to be searched, 
#                 x - integer to find
def binarySearch(array, x) -> bool:

    # loop header (can do for or while loop)
    for     : 
        # loop body
        
   

    # return statement

"
113,205,iteration,2025-10-20 13:38:42.175552,76a246b4d7c07ecce1e05b5d9798cfcc56859f46,"### ITERATION ###

# Please complete the function to iteratively calculate 
# the sum of the first n natural numbers
# Parameters: n - quantity of natural numbers to consider
def sumOfNaturalNumbers(n) -> int:

    # loop header (can do for or while loop)
    for     :
        # loop body


    # return statement


"
113,100,recursion,2025-10-20 13:40:57.212308,76a246b4d7c07ecce1e05b5d9798cfcc56859f46,"### RECURSION ###

# Please complete the function to recursively 
# calculate the nth Fibonacci number (i.e., 0, 1, 1, 2, 3, 5, 8...)
# Parameters: n - index for number in fibonacci sequence
def fibonacci(n) -> int:
    
    # Base case


    # Active flow


    # Passive flow




"
113,300,prose,2025-10-20 13:42:35.146069,33206e4341d564a80e9a78ba3c2c4cd10f81311c,"A boulder is heavier than a truck, which is heavier than..."
113,304,prose,2025-10-20 13:44:09.129093,33206e4341d564a80e9a78ba3c2c4cd10f81311c,"The sun is brighter than a lightning bolt, which is brighter than…"
113,201,iteration,2025-10-20 13:48:44.232775,76a246b4d7c07ecce1e05b5d9798cfcc56859f46,"### ITERATION ###                     

# Please complete the function to iteratively calculate 
# the nth Fibonacci number (i.e., 0, 1, 1, 2, 3, 5, 8...)
# Parameters: n - index for number in fibonacci sequence
def fibonacci(n) -> int:

    # loop header (can do for or while loop)
    for     :
        # loop body
        
    

    # return statement


"
113,102,recursion,2025-10-20 13:54:02.280951,76a246b4d7c07ecce1e05b5d9798cfcc56859f46,"### RECURSION ###

# Please complete the function to recursively print 
# all permutations of a given string. 
# (i.e., 'ABC', 'ACB', 'BAC', 'BCA', 'CAB', 'CBA')
# Parameters: string - string to be permuted
#            left - index for beginning of subsequence
#           right - index for end of subsequence
def permute(string, left, right) -> None:
    
    # Base case


    # Active flow


    # Passive flow


"
113,302,prose,2025-10-20 13:55:26.702580,33206e4341d564a80e9a78ba3c2c4cd10f81311c,"A grain of sand is smaller than a grain of rice, which is smaller than..."
113,307,prose,2025-10-20 13:57:12.412129,33206e4341d564a80e9a78ba3c2c4cd10f81311c,"A fan is quieter than a tea kettle, which is quieter than…"
113,101,recursion,2025-10-20 14:00:52.963467,76a246b4d7c07ecce1e05b5d9798cfcc56859f46,"### RECURSION ### 

# Please complete the function to recursively check if 
# a given string is a palindrome.  (i.e., 'racecar' <--> 'racecar')
# Parameters: string - string to be checked
#           start - index for beginning of subsequence
#             end - index for end of subsequence
def isPalindrome(string, start, end) -> bool:
    
    # Base case


    # Active flow



"
113,105,recursion,2025-10-20 14:05:19.869771,76a246b4d7c07ecce1e05b5d9798cfcc56859f46,"### RECURSION ###

# Please complete the function to recursively calculate 
# whether a given integer is a palindrome (i.e., 12321, 2442)
# --- Without converting it into a string --- 
# Parameters: x - integer to test
def is_num_palindrome(x) -> bool:


    # Base case
     
   
    # Active flow
    
"
113,402,list,2025-10-20 14:06:27.944449,016ade8906a505ae38465a128f685f542c204d4f,Please list ~10 different types of vehicles.
113,403,list,2025-10-20 14:07:46.041708,016ade8906a505ae38465a128f685f542c204d4f,Please list ~10 different vegetables.
113,409,list,2025-10-20 14:08:41.489161,016ade8906a505ae38465a128f685f542c204d4f,Please list ~10 different tools.
113,308,prose,2025-10-20 14:11:45.865319,33206e4341d564a80e9a78ba3c2c4cd10f81311c,"A toothpick is shorter than a credit card, which is shorter than…"
113,203,iteration,2025-10-20 14:13:40.344164,76a246b4d7c07ecce1e05b5d9798cfcc56859f46,"### ITERATION ### 

# Please complete the function to iteratively reverse 
# a given string. 
# Parameters: string - string to be reversed
def reverseString(string) -> str:
    
    # loop header (can do for or while loop)
    for     :
        # loop body

    

    # return statement

"
113,206,iteration,2025-10-20 14:16:00.128774,76a246b4d7c07ecce1e05b5d9798cfcc56859f46,"### ITERATION ###

# Please complete the function to iteratively calculate 
# whether a given integer is a palindrome (i.e., 12321, 2442)
# --- Without converting it into a string --- 
# Parameters: x - integer to test
def is_num_palindrome(x) -> bool:
    
    # loop header (can do for or while loop)
    for    :
        # loop body


    # return statement
    "
113,404,list,2025-10-20 14:16:49.770617,016ade8906a505ae38465a128f685f542c204d4f,Please list ~10 different fruits.
113,407,list,2025-10-20 14:17:45.600919,016ade8906a505ae38465a128f685f542c204d4f,Please list ~10 different instruments.
113,301,prose,2025-10-20 14:20:53.152366,33206e4341d564a80e9a78ba3c2c4cd10f81311c,"A paper clip is cheaper than a pencil, which is cheaper than…"
113,202,iteration,2025-10-20 14:22:53.106786,76a246b4d7c07ecce1e05b5d9798cfcc56859f46,"### ITERATION ###  

# Please complete the function to iteratively check 
# if a given string is a palindrome 
# (i.e., 'racecar' <--> 'racecar')
# Parameters: string - string to be checked
def isPalindrome(string) -> bool:

    # loop header (can do for or while loop)
    for    :
        # loop body
        
   

    # return statement


"
113,106,recursion,2025-10-20 14:25:13.534849,76a246b4d7c07ecce1e05b5d9798cfcc56859f46,"### RECURSION ###

# Please complete the function to recursively compute 
# whether the binary tree is symmetric 
# (i.e., the left subtree is a mirror-image of the right subtree)
# Parameters: root - TreeNode object of root node with fields: root.left, 
#       5                                                      root.right, 
#     3    3                                                   root.val
#    2  1 1  2
def is_symmetric(root) -> bool:
        
    # Base case
        

    # Active flow

"
113,401,list,2025-10-20 14:26:00.344593,016ade8906a505ae38465a128f685f542c204d4f,Please list ~10 different types of office supplies.
113,405,list,2025-10-20 14:26:39.824757,016ade8906a505ae38465a128f685f542c204d4f,Please list ~10 types of clothing.
114,205,iteration,2025-09-25 19:55:48.201249,76a246b4d7c07ecce1e05b5d9798cfcc56859f46,"### ITERATION ###

# Please complete the function to iteratively calculate 
# the sum of the first n natural numbers
# Parameters: n - quantity of natural numbers to consider
def sumOfNaturalNumbers(n) -> int:

    # loop header (can do for or while loop)
    for     :
        # loop body


    # return statement


"
114,300,prose,2025-09-25 19:57:27.283297,33206e4341d564a80e9a78ba3c2c4cd10f81311c,"A boulder is heavier than a truck, which is heavier than..."
114,304,prose,2025-09-25 19:59:37.647262,33206e4341d564a80e9a78ba3c2c4cd10f81311c,"The sun is brighter than a lightning bolt, which is brighter than…"
114,100,recursion,2025-09-25 20:00:55.142413,76a246b4d7c07ecce1e05b5d9798cfcc56859f46,"### RECURSION ###

# Please complete the function to recursively 
# calculate the nth Fibonacci number (i.e., 0, 1, 1, 2, 3, 5, 8...)
# Parameters: n - index for number in fibonacci sequence
def fibonacci(n) -> int:
    
    # Base case


    # Active flow


    # Passive flow




"
114,308,prose,2025-09-25 20:04:32.136635,33206e4341d564a80e9a78ba3c2c4cd10f81311c,"A toothpick is shorter than a credit card, which is shorter than…"
114,404,list,2025-09-25 20:05:10.767766,016ade8906a505ae38465a128f685f542c204d4f,Please list ~10 different fruits.
114,206,iteration,2025-09-25 20:09:09.027772,76a246b4d7c07ecce1e05b5d9798cfcc56859f46,"### ITERATION ###

# Please complete the function to iteratively calculate 
# whether a given integer is a palindrome (i.e., 12321, 2442)
# --- Without converting it into a string --- 
# Parameters: x - integer to test
def is_num_palindrome(x) -> bool:
    
    # loop header (can do for or while loop)
    for    :
        # loop body


    # return statement
    "
114,407,list,2025-09-25 20:09:47.667476,016ade8906a505ae38465a128f685f542c204d4f,Please list ~10 different instruments.
114,203,iteration,2025-09-25 20:10:32.246042,76a246b4d7c07ecce1e05b5d9798cfcc56859f46,"### ITERATION ### 

# Please complete the function to iteratively reverse 
# a given string. 
# Parameters: string - string to be reversed
def reverseString(string) -> str:
    
    # loop header (can do for or while loop)
    for     :
        # loop body

    

    # return statement

"
114,301,prose,2025-09-25 20:14:01.814718,33206e4341d564a80e9a78ba3c2c4cd10f81311c,"A paper clip is cheaper than a pencil, which is cheaper than…"
114,401,list,2025-09-25 20:14:54.649254,016ade8906a505ae38465a128f685f542c204d4f,Please list ~10 different types of office supplies.
114,106,recursion,2025-09-25 20:19:17.971756,76a246b4d7c07ecce1e05b5d9798cfcc56859f46,"### RECURSION ###

# Please complete the function to recursively compute 
# whether the binary tree is symmetric 
# (i.e., the left subtree is a mirror-image of the right subtree)
# Parameters: root - TreeNode object of root node with fields: root.left, 
#       5                                                      root.right, 
#     3    3                                                   root.val
#    2  1 1  2
def is_symmetric(root) -> bool:
        
    # Base case
        

    # Active flow

"
114,405,list,2025-09-25 20:19:52.835915,016ade8906a505ae38465a128f685f542c204d4f,Please list ~10 types of clothing.
114,202,iteration,2025-09-25 20:21:19.430996,76a246b4d7c07ecce1e05b5d9798cfcc56859f46,"### ITERATION ###  

# Please complete the function to iteratively check 
# if a given string is a palindrome 
# (i.e., 'racecar' <--> 'racecar')
# Parameters: string - string to be checked
def isPalindrome(string) -> bool:

    # loop header (can do for or while loop)
    for    :
        # loop body
        
   

    # return statement


"
114,201,iteration,2025-09-25 20:24:32.726823,76a246b4d7c07ecce1e05b5d9798cfcc56859f46,"### ITERATION ###                     

# Please complete the function to iteratively calculate 
# the nth Fibonacci number (i.e., 0, 1, 1, 2, 3, 5, 8...)
# Parameters: n - index for number in fibonacci sequence
def fibonacci(n) -> int:

    # loop header (can do for or while loop)
    for     :
        # loop body
        
    

    # return statement


"
114,302,prose,2025-09-25 20:25:33.058200,33206e4341d564a80e9a78ba3c2c4cd10f81311c,"A grain of sand is smaller than a grain of rice, which is smaller than..."
114,307,prose,2025-09-25 20:26:59.953829,33206e4341d564a80e9a78ba3c2c4cd10f81311c,"A fan is quieter than a tea kettle, which is quieter than…"
114,102,recursion,2025-09-25 20:30:33.256771,76a246b4d7c07ecce1e05b5d9798cfcc56859f46,"### RECURSION ###

# Please complete the function to recursively print 
# all permutations of a given string. 
# (i.e., 'ABC', 'ACB', 'BAC', 'BCA', 'CAB', 'CBA')
# Parameters: string - string to be permuted
#            left - index for beginning of subsequence
#           right - index for end of subsequence
def permute(string, left, right) -> None:
    
    # Base case


    # Active flow


    # Passive flow


"
114,103,recursion,2025-09-25 20:43:16.322008,76a246b4d7c07ecce1e05b5d9798cfcc56859f46,"### RECURSION ### 

# Please complete the function to recursively reverse 
# a given string.
# Parameters: string - string to be reversed
#           start - index for beginning of subsequence
#             end - index for end of subsequence
def reverseString(string, start, end) -> str:

    # Base case


    # Active flow


    # Passive flow
       
"
114,306,prose,2025-09-25 20:45:22.273473,33206e4341d564a80e9a78ba3c2c4cd10f81311c,"Lava is hotter than boiling water, which is hotter than…"
114,200,iteration,2025-09-25 20:47:21.811384,76a246b4d7c07ecce1e05b5d9798cfcc56859f46,"### ITERATION ###                      

# Please complete the function to iteratively perform binary search. 
# Parameters: array - list to be searched, 
#                 x - integer to find
def binarySearch(array, x) -> bool:

    # loop header (can do for or while loop)
    for     : 
        # loop body
        
   

    # return statement

"
114,104,recursion,2025-09-25 20:47:58.133140,76a246b4d7c07ecce1e05b5d9798cfcc56859f46,"### RECURSION ###

# Please complete the function to recursively calculate 
# the sum of the first n natural numbers
# Parameters: n - quantity of natural numbers to consider
def sumOfNaturalNumbers(n) -> int:
    
    # Base case


    # Active flow


    # Passive flow
    
"
114,101,recursion,2025-09-25 20:51:29.716776,76a246b4d7c07ecce1e05b5d9798cfcc56859f46,"### RECURSION ### 

# Please complete the function to recursively check if 
# a given string is a palindrome.  (i.e., 'racecar' <--> 'racecar')
# Parameters: string - string to be checked
#           start - index for beginning of subsequence
#             end - index for end of subsequence
def isPalindrome(string, start, end) -> bool:
    
    # Base case


    # Active flow



"
114,403,list,2025-09-25 20:51:59.916915,016ade8906a505ae38465a128f685f542c204d4f,Please list ~10 different vegetables.
114,402,list,2025-09-25 20:53:00.729896,016ade8906a505ae38465a128f685f542c204d4f,Please list ~10 different types of vehicles.
114,409,list,2025-09-25 20:53:49.198946,016ade8906a505ae38465a128f685f542c204d4f,Please list ~10 different tools.
114,105,recursion,2025-09-25 20:55:57.492716,76a246b4d7c07ecce1e05b5d9798cfcc56859f46,"### RECURSION ###

# Please complete the function to recursively calculate 
# whether a given integer is a palindrome (i.e., 12321, 2442)
# --- Without converting it into a string --- 
# Parameters: x - integer to test
def is_num_palindrome(x) -> bool:


    # Base case
     
   
    # Active flow
    
"
115,306,prose,2025-10-08 17:52:49.321459,33206e4341d564a80e9a78ba3c2c4cd10f81311c,"Lava is hotter than boiling water, which is hotter than…"
115,200,iteration,2025-10-08 17:56:16.536361,76a246b4d7c07ecce1e05b5d9798cfcc56859f46,"### ITERATION ###                      

# Please complete the function to iteratively perform binary search. 
# Parameters: array - list to be searched, 
#                 x - integer to find
def binarySearch(array, x) -> bool:

    # loop header (can do for or while loop)
    for     : 
        # loop body
        
   

    # return statement

"
115,300,prose,2025-10-08 18:08:14.386465,33206e4341d564a80e9a78ba3c2c4cd10f81311c,"A boulder is heavier than a truck, which is heavier than..."
115,304,prose,2025-10-08 18:10:46.572357,33206e4341d564a80e9a78ba3c2c4cd10f81311c,"The sun is brighter than a lightning bolt, which is brighter than…"
115,205,iteration,2025-10-08 18:16:52.356632,76a246b4d7c07ecce1e05b5d9798cfcc56859f46,"### ITERATION ###

# Please complete the function to iteratively calculate 
# the sum of the first n natural numbers
# Parameters: n - quantity of natural numbers to consider
def sumOfNaturalNumbers(n) -> int:

    # loop header (can do for or while loop)
    for     :
        # loop body


    # return statement


"
115,100,recursion,2025-10-08 18:19:58.331014,76a246b4d7c07ecce1e05b5d9798cfcc56859f46,"### RECURSION ###

# Please complete the function to recursively 
# calculate the nth Fibonacci number (i.e., 0, 1, 1, 2, 3, 5, 8...)
# Parameters: n - index for number in fibonacci sequence
def fibonacci(n) -> int:
    
    # Base case


    # Active flow


    # Passive flow




"
115,301,prose,2025-10-08 18:24:37.681136,33206e4341d564a80e9a78ba3c2c4cd10f81311c,"A paper clip is cheaper than a pencil, which is cheaper than…"
115,202,iteration,2025-10-08 18:30:41.006355,76a246b4d7c07ecce1e05b5d9798cfcc56859f46,"### ITERATION ###  

# Please complete the function to iteratively check 
# if a given string is a palindrome 
# (i.e., 'racecar' <--> 'racecar')
# Parameters: string - string to be checked
def isPalindrome(string) -> bool:

    # loop header (can do for or while loop)
    for    :
        # loop body
        
   

    # return statement


"
115,106,recursion,2025-10-08 18:36:43.697927,76a246b4d7c07ecce1e05b5d9798cfcc56859f46,"### RECURSION ###

# Please complete the function to recursively compute 
# whether the binary tree is symmetric 
# (i.e., the left subtree is a mirror-image of the right subtree)
# Parameters: root - TreeNode object of root node with fields: root.left, 
#       5                                                      root.right, 
#     3    3                                                   root.val
#    2  1 1  2
def is_symmetric(root) -> bool:
        
    # Base case
        

    # Active flow

"
115,101,recursion,2025-10-08 18:48:12.779362,76a246b4d7c07ecce1e05b5d9798cfcc56859f46,"### RECURSION ### 

# Please complete the function to recursively check if 
# a given string is a palindrome.  (i.e., 'racecar' <--> 'racecar')
# Parameters: string - string to be checked
#           start - index for beginning of subsequence
#             end - index for end of subsequence
def isPalindrome(string, start, end) -> bool:
    
    # Base case


    # Active flow



"
115,105,recursion,2025-10-08 18:54:00.454469,76a246b4d7c07ecce1e05b5d9798cfcc56859f46,"### RECURSION ###

# Please complete the function to recursively calculate 
# whether a given integer is a palindrome (i.e., 12321, 2442)
# --- Without converting it into a string --- 
# Parameters: x - integer to test
def is_num_palindrome(x) -> bool:


    # Base case
     
   
    # Active flow
    
"
115,402,list,2025-10-08 18:55:06.099940,016ade8906a505ae38465a128f685f542c204d4f,Please list ~10 different types of vehicles.
116,307,prose,2025-10-02 13:50:46.212992,33206e4341d564a80e9a78ba3c2c4cd10f81311c,"A fan is quieter than a tea kettle, which is quieter than…"
116,206,iteration,2025-10-02 14:06:34.494730,76a246b4d7c07ecce1e05b5d9798cfcc56859f46,"### ITERATION ###

# Please complete the function to iteratively calculate 
# whether a given integer is a palindrome (i.e., 12321, 2442)
# --- Without converting it into a string --- 
# Parameters: x - integer to test
def is_num_palindrome(x) -> bool:
    
    # loop header (can do for or while loop)
    for    :
        # loop body


    # return statement
    "
116,308,prose,2025-10-02 14:08:34.962872,33206e4341d564a80e9a78ba3c2c4cd10f81311c,"A toothpick is shorter than a credit card, which is shorter than…"
116,203,iteration,2025-10-02 14:12:21.061616,76a246b4d7c07ecce1e05b5d9798cfcc56859f46,"### ITERATION ### 

# Please complete the function to iteratively reverse 
# a given string. 
# Parameters: string - string to be reversed
def reverseString(string) -> str:
    
    # loop header (can do for or while loop)
    for     :
        # loop body

    

    # return statement

"
116,404,list,2025-10-02 14:13:10.581873,016ade8906a505ae38465a128f685f542c204d4f,Please list ~10 different fruits.
116,407,list,2025-10-02 14:14:04.750473,016ade8906a505ae38465a128f685f542c204d4f,Please list ~10 different instruments.
116,304,prose,2025-10-02 14:17:11.665761,33206e4341d564a80e9a78ba3c2c4cd10f81311c,"The sun is brighter than a lightning bolt, which is brighter than…"
116,205,iteration,2025-10-02 14:21:53.957793,76a246b4d7c07ecce1e05b5d9798cfcc56859f46,"### ITERATION ###

# Please complete the function to iteratively calculate 
# the sum of the first n natural numbers
# Parameters: n - quantity of natural numbers to consider
def sumOfNaturalNumbers(n) -> int:

    # loop header (can do for or while loop)
    for     :
        # loop body


    # return statement


"
116,300,prose,2025-10-02 14:22:44.142400,33206e4341d564a80e9a78ba3c2c4cd10f81311c,"A boulder is heavier than a truck, which is heavier than..."
116,100,recursion,2025-10-02 14:27:17.392614,76a246b4d7c07ecce1e05b5d9798cfcc56859f46,"### RECURSION ###

# Please complete the function to recursively 
# calculate the nth Fibonacci number (i.e., 0, 1, 1, 2, 3, 5, 8...)
# Parameters: n - index for number in fibonacci sequence
def fibonacci(n) -> int:
    
    # Base case


    # Active flow


    # Passive flow




"
116,200,iteration,2025-10-02 14:35:20.733655,76a246b4d7c07ecce1e05b5d9798cfcc56859f46,"### ITERATION ###                      

# Please complete the function to iteratively perform binary search. 
# Parameters: array - list to be searched, 
#                 x - integer to find
def binarySearch(array, x) -> bool:

    # loop header (can do for or while loop)
    for     : 
        # loop body
        
   

    # return statement

"
116,103,recursion,2025-10-02 14:43:24.435416,76a246b4d7c07ecce1e05b5d9798cfcc56859f46,"### RECURSION ### 

# Please complete the function to recursively reverse 
# a given string.
# Parameters: string - string to be reversed
#           start - index for beginning of subsequence
#             end - index for end of subsequence
def reverseString(string, start, end) -> str:

    # Base case


    # Active flow


    # Passive flow
       
"
116,306,prose,2025-10-02 14:43:56.096831,33206e4341d564a80e9a78ba3c2c4cd10f81311c,"Lava is hotter than boiling water, which is hotter than…"
116,106,recursion,2025-10-02 14:55:39.005710,76a246b4d7c07ecce1e05b5d9798cfcc56859f46,"### RECURSION ###

# Please complete the function to recursively compute 
# whether the binary tree is symmetric 
# (i.e., the left subtree is a mirror-image of the right subtree)
# Parameters: root - TreeNode object of root node with fields: root.left, 
#       5                                                      root.right, 
#     3    3                                                   root.val
#    2  1 1  2
def is_symmetric(root) -> bool:
        
    # Base case
        

    # Active flow

"
117,206,iteration,2025-10-29 17:55:22.775847,76a246b4d7c07ecce1e05b5d9798cfcc56859f46,"### ITERATION ###

# Please complete the function to iteratively calculate 
# whether a given integer is a palindrome (i.e., 12321, 2442)
# --- Without converting it into a string --- 
# Parameters: x - integer to test
def is_num_palindrome(x) -> bool:
    
    # loop header (can do for or while loop)
    for    :
        # loop body


    # return statement
    "
117,404,list,2025-10-29 17:56:01.590111,016ade8906a505ae38465a128f685f542c204d4f,Please list ~10 different fruits.
117,407,list,2025-10-29 17:56:34.637728,016ade8906a505ae38465a128f685f542c204d4f,Please list ~10 different instruments.
117,308,prose,2025-10-29 17:58:07.997495,33206e4341d564a80e9a78ba3c2c4cd10f81311c,"A toothpick is shorter than a credit card, which is shorter than…"
117,203,iteration,2025-10-29 17:59:33.441169,76a246b4d7c07ecce1e05b5d9798cfcc56859f46,"### ITERATION ### 

# Please complete the function to iteratively reverse 
# a given string. 
# Parameters: string - string to be reversed
def reverseString(string) -> str:
    
    # loop header (can do for or while loop)
    for     :
        # loop body

    

    # return statement

"
117,402,list,2025-10-29 18:03:02.616094,016ade8906a505ae38465a128f685f542c204d4f,Please list ~10 different types of vehicles.
117,403,list,2025-10-29 18:04:12.696043,016ade8906a505ae38465a128f685f542c204d4f,Please list ~10 different vegetables.
117,409,list,2025-10-29 18:04:58.759921,016ade8906a505ae38465a128f685f542c204d4f,Please list ~10 different tools.
117,101,recursion,2025-10-29 18:07:44.505652,76a246b4d7c07ecce1e05b5d9798cfcc56859f46,"### RECURSION ### 

# Please complete the function to recursively check if 
# a given string is a palindrome.  (i.e., 'racecar' <--> 'racecar')
# Parameters: string - string to be checked
#           start - index for beginning of subsequence
#             end - index for end of subsequence
def isPalindrome(string, start, end) -> bool:
    
    # Base case


    # Active flow



"
117,105,recursion,2025-10-29 18:11:01.336636,76a246b4d7c07ecce1e05b5d9798cfcc56859f46,"### RECURSION ###

# Please complete the function to recursively calculate 
# whether a given integer is a palindrome (i.e., 12321, 2442)
# --- Without converting it into a string --- 
# Parameters: x - integer to test
def is_num_palindrome(x) -> bool:


    # Base case
     
   
    # Active flow
    
"
117,201,iteration,2025-10-29 18:16:28.059974,76a246b4d7c07ecce1e05b5d9798cfcc56859f46,"### ITERATION ###                     

# Please complete the function to iteratively calculate 
# the nth Fibonacci number (i.e., 0, 1, 1, 2, 3, 5, 8...)
# Parameters: n - index for number in fibonacci sequence
def fibonacci(n) -> int:

    # loop header (can do for or while loop)
    for     :
        # loop body
        
    

    # return statement


"
117,102,recursion,2025-10-29 18:24:30.984661,76a246b4d7c07ecce1e05b5d9798cfcc56859f46,"### RECURSION ###

# Please complete the function to recursively print 
# all permutations of a given string. 
# (i.e., 'ABC', 'ACB', 'BAC', 'BCA', 'CAB', 'CBA')
# Parameters: string - string to be permuted
#            left - index for beginning of subsequence
#           right - index for end of subsequence
def permute(string, left, right) -> None:
    
    # Base case


    # Active flow


    # Passive flow


"
117,302,prose,2025-10-29 18:26:00.494080,33206e4341d564a80e9a78ba3c2c4cd10f81311c,"A grain of sand is smaller than a grain of rice, which is smaller than..."
117,307,prose,2025-10-29 18:27:23.941365,33206e4341d564a80e9a78ba3c2c4cd10f81311c,"A fan is quieter than a tea kettle, which is quieter than…"
117,103,recursion,2025-10-29 18:32:35.436783,76a246b4d7c07ecce1e05b5d9798cfcc56859f46,"### RECURSION ### 

# Please complete the function to recursively reverse 
# a given string.
# Parameters: string - string to be reversed
#           start - index for beginning of subsequence
#             end - index for end of subsequence
def reverseString(string, start, end) -> str:

    # Base case


    # Active flow


    # Passive flow
       
"
117,104,recursion,2025-10-29 18:33:38.658729,76a246b4d7c07ecce1e05b5d9798cfcc56859f46,"### RECURSION ###

# Please complete the function to recursively calculate 
# the sum of the first n natural numbers
# Parameters: n - quantity of natural numbers to consider
def sumOfNaturalNumbers(n) -> int:
    
    # Base case


    # Active flow


    # Passive flow
    
"
117,306,prose,2025-10-29 18:34:49.566130,33206e4341d564a80e9a78ba3c2c4cd10f81311c,"Lava is hotter than boiling water, which is hotter than…"
117,200,iteration,2025-10-29 18:38:28.589962,76a246b4d7c07ecce1e05b5d9798cfcc56859f46,"### ITERATION ###                      

# Please complete the function to iteratively perform binary search. 
# Parameters: array - list to be searched, 
#                 x - integer to find
def binarySearch(array, x) -> bool:

    # loop header (can do for or while loop)
    for     : 
        # loop body
        
   

    # return statement

"
117,106,recursion,2025-10-29 18:42:07.444150,76a246b4d7c07ecce1e05b5d9798cfcc56859f46,"### RECURSION ###

# Please complete the function to recursively compute 
# whether the binary tree is symmetric 
# (i.e., the left subtree is a mirror-image of the right subtree)
# Parameters: root - TreeNode object of root node with fields: root.left, 
#       5                                                      root.right, 
#     3    3                                                   root.val
#    2  1 1  2
def is_symmetric(root) -> bool:
        
    # Base case
        

    # Active flow

"
117,401,list,2025-10-29 18:42:41.891712,016ade8906a505ae38465a128f685f542c204d4f,Please list ~10 different types of office supplies.
117,405,list,2025-10-29 18:43:04.480891,016ade8906a505ae38465a128f685f542c204d4f,Please list ~10 types of clothing.
117,301,prose,2025-10-29 18:44:13.476505,33206e4341d564a80e9a78ba3c2c4cd10f81311c,"A paper clip is cheaper than a pencil, which is cheaper than…"
117,202,iteration,2025-10-29 18:45:21.620087,76a246b4d7c07ecce1e05b5d9798cfcc56859f46,"### ITERATION ###  

# Please complete the function to iteratively check 
# if a given string is a palindrome 
# (i.e., 'racecar' <--> 'racecar')
# Parameters: string - string to be checked
def isPalindrome(string) -> bool:

    # loop header (can do for or while loop)
    for    :
        # loop body
        
   

    # return statement


"
117,205,iteration,2025-10-29 18:47:41.497701,76a246b4d7c07ecce1e05b5d9798cfcc56859f46,"### ITERATION ###

# Please complete the function to iteratively calculate 
# the sum of the first n natural numbers
# Parameters: n - quantity of natural numbers to consider
def sumOfNaturalNumbers(n) -> int:

    # loop header (can do for or while loop)
    for     :
        # loop body


    # return statement


"
117,100,recursion,2025-10-29 18:49:26.977146,76a246b4d7c07ecce1e05b5d9798cfcc56859f46,"### RECURSION ###

# Please complete the function to recursively 
# calculate the nth Fibonacci number (i.e., 0, 1, 1, 2, 3, 5, 8...)
# Parameters: n - index for number in fibonacci sequence
def fibonacci(n) -> int:
    
    # Base case


    # Active flow


    # Passive flow




"
117,300,prose,2025-10-29 18:50:42.817429,33206e4341d564a80e9a78ba3c2c4cd10f81311c,"A boulder is heavier than a truck, which is heavier than..."
117,304,prose,2025-10-29 18:52:31.316593,33206e4341d564a80e9a78ba3c2c4cd10f81311c,"The sun is brighter than a lightning bolt, which is brighter than…"
118,300,prose,2025-10-05 09:37:39.538095,33206e4341d564a80e9a78ba3c2c4cd10f81311c,"A boulder is heavier than a truck, which is heavier than..."
118,304,prose,2025-10-05 09:40:13.734001,33206e4341d564a80e9a78ba3c2c4cd10f81311c,"The sun is brighter than a lightning bolt, which is brighter than…"
118,205,iteration,2025-10-05 09:46:17.130959,76a246b4d7c07ecce1e05b5d9798cfcc56859f46,"### ITERATION ###

# Please complete the function to iteratively calculate 
# the sum of the first n natural numbers
# Parameters: n - quantity of natural numbers to consider
def sumOfNaturalNumbers(n) -> int:

    # loop header (can do for or while loop)
    for     :
        # loop body


    # return statement


"
118,308,prose,2025-10-05 09:57:35.277054,33206e4341d564a80e9a78ba3c2c4cd10f81311c,"A toothpick is shorter than a credit card, which is shorter than…"
118,203,iteration,2025-10-05 10:03:40.458944,76a246b4d7c07ecce1e05b5d9798cfcc56859f46,"### ITERATION ### 

# Please complete the function to iteratively reverse 
# a given string. 
# Parameters: string - string to be reversed
def reverseString(string) -> str:
    
    # loop header (can do for or while loop)
    for     :
        # loop body

    

    # return statement

"
118,206,iteration,2025-10-05 10:09:45.714704,76a246b4d7c07ecce1e05b5d9798cfcc56859f46,"### ITERATION ###

# Please complete the function to iteratively calculate 
# whether a given integer is a palindrome (i.e., 12321, 2442)
# --- Without converting it into a string --- 
# Parameters: x - integer to test
def is_num_palindrome(x) -> bool:
    
    # loop header (can do for or while loop)
    for    :
        # loop body


    # return statement
    "
118,306,prose,2025-10-05 10:14:11.896680,33206e4341d564a80e9a78ba3c2c4cd10f81311c,"Lava is hotter than boiling water, which is hotter than…"
118,200,iteration,2025-10-05 10:20:16.462844,76a246b4d7c07ecce1e05b5d9798cfcc56859f46,"### ITERATION ###                      

# Please complete the function to iteratively perform binary search. 
# Parameters: array - list to be searched, 
#                 x - integer to find
def binarySearch(array, x) -> bool:

    # loop header (can do for or while loop)
    for     : 
        # loop body
        
   

    # return statement

"
118,103,recursion,2025-10-05 10:26:16.573669,76a246b4d7c07ecce1e05b5d9798cfcc56859f46,"### RECURSION ### 

# Please complete the function to recursively reverse 
# a given string.
# Parameters: string - string to be reversed
#           start - index for beginning of subsequence
#             end - index for end of subsequence
def reverseString(string, start, end) -> str:

    # Base case


    # Active flow


    # Passive flow
       
"
119,101,recursion,2026-03-19 17:34:09.414350,76a246b4d7c07ecce1e05b5d9798cfcc56859f46,"### RECURSION ### 

# Please complete the function to recursively check if 
# a given string is a palindrome.  (i.e., 'racecar' <--> 'racecar')
# Parameters: string - string to be checked
#           start - index for beginning of subsequence
#             end - index for end of subsequence
def isPalindrome(string, start, end) -> bool:
    
    # Base case


    # Active flow



"
119,105,recursion,2026-03-19 17:42:07.478920,76a246b4d7c07ecce1e05b5d9798cfcc56859f46,"### RECURSION ###

# Please complete the function to recursively calculate 
# whether a given integer is a palindrome (i.e., 12321, 2442)
# --- Without converting it into a string --- 
# Parameters: x - integer to test
def is_num_palindrome(x) -> bool:


    # Base case
     
   
    # Active flow
    
"
119,306,prose,2026-03-19 17:46:40.132823,33206e4341d564a80e9a78ba3c2c4cd10f81311c,"Lava is hotter than boiling water, which is hotter than…"
119,200,iteration,2026-03-19 17:52:44.231027,76a246b4d7c07ecce1e05b5d9798cfcc56859f46,"### ITERATION ###                      

# Please complete the function to iteratively perform binary search. 
# Parameters: array - list to be searched, 
#                 x - integer to find
def binarySearch(array, x) -> bool:

    # loop header (can do for or while loop)
    for     : 
        # loop body
        
   

    # return statement

"
119,308,prose,2026-03-19 18:03:32.481705,33206e4341d564a80e9a78ba3c2c4cd10f81311c,"A toothpick is shorter than a credit card, which is shorter than…"
119,203,iteration,2026-03-19 18:06:28.717151,76a246b4d7c07ecce1e05b5d9798cfcc56859f46,"### ITERATION ### 

# Please complete the function to iteratively reverse 
# a given string. 
# Parameters: string - string to be reversed
def reverseString(string) -> str:
    
    # loop header (can do for or while loop)
    for     :
        # loop body

    

    # return statement

"
119,206,iteration,2026-03-19 18:11:27.401073,76a246b4d7c07ecce1e05b5d9798cfcc56859f46,"### ITERATION ###

# Please complete the function to iteratively calculate 
# whether a given integer is a palindrome (i.e., 12321, 2442)
# --- Without converting it into a string --- 
# Parameters: x - integer to test
def is_num_palindrome(x) -> bool:
    
    # loop header (can do for or while loop)
    for    :
        # loop body


    # return statement
    "
119,404,list,2026-03-19 18:12:12.538172,016ade8906a505ae38465a128f685f542c204d4f,Please list ~10 different fruits.
119,407,list,2026-03-19 18:12:48.112374,016ade8906a505ae38465a128f685f542c204d4f,Please list ~10 different instruments.
119,300,prose,2026-03-19 18:16:35.547238,33206e4341d564a80e9a78ba3c2c4cd10f81311c,"A boulder is heavier than a truck, which is heavier than..."
119,304,prose,2026-03-19 18:18:03.351308,33206e4341d564a80e9a78ba3c2c4cd10f81311c,"The sun is brighter than a lightning bolt, which is brighter than…"
119,205,iteration,2026-03-19 18:19:45.138386,76a246b4d7c07ecce1e05b5d9798cfcc56859f46,"### ITERATION ###

# Please complete the function to iteratively calculate 
# the sum of the first n natural numbers
# Parameters: n - quantity of natural numbers to consider
def sumOfNaturalNumbers(n) -> int:

    # loop header (can do for or while loop)
    for     :
        # loop body


    # return statement


"
119,100,recursion,2026-03-19 18:24:54.148437,76a246b4d7c07ecce1e05b5d9798cfcc56859f46,"### RECURSION ###

# Please complete the function to recursively 
# calculate the nth Fibonacci number (i.e., 0, 1, 1, 2, 3, 5, 8...)
# Parameters: n - index for number in fibonacci sequence
def fibonacci(n) -> int:
    
    # Base case


    # Active flow


    # Passive flow




"
120,304,prose,2026-02-13 14:53:02.175206,33206e4341d564a80e9a78ba3c2c4cd10f81311c,"The sun is brighter than a lightning bolt, which is brighter than…"
120,100,recursion,2026-02-13 14:55:05.530160,76a246b4d7c07ecce1e05b5d9798cfcc56859f46,"### RECURSION ###

# Please complete the function to recursively 
# calculate the nth Fibonacci number (i.e., 0, 1, 1, 2, 3, 5, 8...)
# Parameters: n - index for number in fibonacci sequence
def fibonacci(n) -> int:
    
    # Base case


    # Active flow


    # Passive flow




"
120,205,iteration,2026-02-13 14:56:49.622295,76a246b4d7c07ecce1e05b5d9798cfcc56859f46,"### ITERATION ###

# Please complete the function to iteratively calculate 
# the sum of the first n natural numbers
# Parameters: n - quantity of natural numbers to consider
def sumOfNaturalNumbers(n) -> int:

    # loop header (can do for or while loop)
    for     :
        # loop body


    # return statement


"
120,300,prose,2026-02-13 14:58:33.113709,33206e4341d564a80e9a78ba3c2c4cd10f81311c,"A boulder is heavier than a truck, which is heavier than..."
120,101,recursion,2026-02-13 15:05:44.282347,76a246b4d7c07ecce1e05b5d9798cfcc56859f46,"### RECURSION ### 

# Please complete the function to recursively check if 
# a given string is a palindrome.  (i.e., 'racecar' <--> 'racecar')
# Parameters: string - string to be checked
#           start - index for beginning of subsequence
#             end - index for end of subsequence
def isPalindrome(string, start, end) -> bool:
    
    # Base case


    # Active flow



"
120,409,list,2026-02-13 15:06:36.718005,016ade8906a505ae38465a128f685f542c204d4f,Please list ~10 different tools.
120,402,list,2026-02-13 15:07:20.992159,016ade8906a505ae38465a128f685f542c204d4f,Please list ~10 different types of vehicles.
120,105,recursion,2026-02-13 15:12:32.263520,76a246b4d7c07ecce1e05b5d9798cfcc56859f46,"### RECURSION ###

# Please complete the function to recursively calculate 
# whether a given integer is a palindrome (i.e., 12321, 2442)
# --- Without converting it into a string --- 
# Parameters: x - integer to test
def is_num_palindrome(x) -> bool:


    # Base case
     
   
    # Active flow
    
"
120,403,list,2026-02-13 15:13:23.074635,016ade8906a505ae38465a128f685f542c204d4f,Please list ~10 different vegetables.
120,308,prose,2026-02-13 15:18:44.653787,33206e4341d564a80e9a78ba3c2c4cd10f81311c,"A toothpick is shorter than a credit card, which is shorter than…"
120,407,list,2026-02-13 15:19:21.199645,016ade8906a505ae38465a128f685f542c204d4f,Please list ~10 different instruments.
120,206,iteration,2026-02-13 15:22:50.026984,76a246b4d7c07ecce1e05b5d9798cfcc56859f46,"### ITERATION ###

# Please complete the function to iteratively calculate 
# whether a given integer is a palindrome (i.e., 12321, 2442)
# --- Without converting it into a string --- 
# Parameters: x - integer to test
def is_num_palindrome(x) -> bool:
    
    # loop header (can do for or while loop)
    for    :
        # loop body


    # return statement
    "
120,203,iteration,2026-02-13 15:25:17.792296,76a246b4d7c07ecce1e05b5d9798cfcc56859f46,"### ITERATION ### 

# Please complete the function to iteratively reverse 
# a given string. 
# Parameters: string - string to be reversed
def reverseString(string) -> str:
    
    # loop header (can do for or while loop)
    for     :
        # loop body

    

    # return statement

"
120,404,list,2026-02-13 15:26:00.161465,016ade8906a505ae38465a128f685f542c204d4f,Please list ~10 different fruits.
120,301,prose,2026-02-13 15:29:45.197481,33206e4341d564a80e9a78ba3c2c4cd10f81311c,"A paper clip is cheaper than a pencil, which is cheaper than…"
120,405,list,2026-02-13 15:30:15.997212,016ade8906a505ae38465a128f685f542c204d4f,Please list ~10 types of clothing.
120,106,recursion,2026-02-13 15:32:43.745680,76a246b4d7c07ecce1e05b5d9798cfcc56859f46,"### RECURSION ###

# Please complete the function to recursively compute 
# whether the binary tree is symmetric 
# (i.e., the left subtree is a mirror-image of the right subtree)
# Parameters: root - TreeNode object of root node with fields: root.left, 
#       5                                                      root.right, 
#     3    3                                                   root.val
#    2  1 1  2
def is_symmetric(root) -> bool:
        
    # Base case
        

    # Active flow

"
120,202,iteration,2026-02-13 15:35:01.624407,76a246b4d7c07ecce1e05b5d9798cfcc56859f46,"### ITERATION ###  

# Please complete the function to iteratively check 
# if a given string is a palindrome 
# (i.e., 'racecar' <--> 'racecar')
# Parameters: string - string to be checked
def isPalindrome(string) -> bool:

    # loop header (can do for or while loop)
    for    :
        # loop body
        
   

    # return statement


"
120,401,list,2026-02-13 15:35:46.580478,016ade8906a505ae38465a128f685f542c204d4f,Please list ~10 different types of office supplies.
120,307,prose,2026-02-13 15:38:26.422833,33206e4341d564a80e9a78ba3c2c4cd10f81311c,"A fan is quieter than a tea kettle, which is quieter than…"
120,102,recursion,2026-02-13 15:45:03.830796,76a246b4d7c07ecce1e05b5d9798cfcc56859f46,"### RECURSION ###

# Please complete the function to recursively print 
# all permutations of a given string. 
# (i.e., 'ABC', 'ACB', 'BAC', 'BCA', 'CAB', 'CBA')
# Parameters: string - string to be permuted
#            left - index for beginning of subsequence
#           right - index for end of subsequence
def permute(string, left, right) -> None:
    
    # Base case


    # Active flow


    # Passive flow


"
120,201,iteration,2026-02-13 15:51:01.573392,76a246b4d7c07ecce1e05b5d9798cfcc56859f46,"### ITERATION ###                     

# Please complete the function to iteratively calculate 
# the nth Fibonacci number (i.e., 0, 1, 1, 2, 3, 5, 8...)
# Parameters: n - index for number in fibonacci sequence
def fibonacci(n) -> int:

    # loop header (can do for or while loop)
    for     :
        # loop body
        
    

    # return statement


"
120,302,prose,2026-02-13 15:52:16.363702,33206e4341d564a80e9a78ba3c2c4cd10f81311c,"A grain of sand is smaller than a grain of rice, which is smaller than..."
121,301,prose,2026-02-17 16:35:38.037728,33206e4341d564a80e9a78ba3c2c4cd10f81311c,"A paper clip is cheaper than a pencil, which is cheaper than…"
121,202,iteration,2026-02-17 16:38:46.401927,76a246b4d7c07ecce1e05b5d9798cfcc56859f46,"### ITERATION ###  

# Please complete the function to iteratively check 
# if a given string is a palindrome 
# (i.e., 'racecar' <--> 'racecar')
# Parameters: string - string to be checked
def isPalindrome(string) -> bool:

    # loop header (can do for or while loop)
    for    :
        # loop body
        
   

    # return statement


"
121,106,recursion,2026-02-17 16:43:54.005884,76a246b4d7c07ecce1e05b5d9798cfcc56859f46,"### RECURSION ###

# Please complete the function to recursively compute 
# whether the binary tree is symmetric 
# (i.e., the left subtree is a mirror-image of the right subtree)
# Parameters: root - TreeNode object of root node with fields: root.left, 
#       5                                                      root.right, 
#     3    3                                                   root.val
#    2  1 1  2
def is_symmetric(root) -> bool:
        
    # Base case
        

    # Active flow

"
121,401,list,2026-02-17 16:45:23.963735,016ade8906a505ae38465a128f685f542c204d4f,Please list ~10 different types of office supplies.
121,405,list,2026-02-17 16:46:23.687630,016ade8906a505ae38465a128f685f542c204d4f,Please list ~10 types of clothing.
121,300,prose,2026-02-17 16:52:42.592147,33206e4341d564a80e9a78ba3c2c4cd10f81311c,"A boulder is heavier than a truck, which is heavier than..."
121,304,prose,2026-02-17 16:55:16.454390,33206e4341d564a80e9a78ba3c2c4cd10f81311c,"The sun is brighter than a lightning bolt, which is brighter than…"
121,205,iteration,2026-02-17 16:56:30.388122,76a246b4d7c07ecce1e05b5d9798cfcc56859f46,"### ITERATION ###

# Please complete the function to iteratively calculate 
# the sum of the first n natural numbers
# Parameters: n - quantity of natural numbers to consider
def sumOfNaturalNumbers(n) -> int:

    # loop header (can do for or while loop)
    for     :
        # loop body


    # return statement


"
121,100,recursion,2026-02-17 16:58:47.746611,76a246b4d7c07ecce1e05b5d9798cfcc56859f46,"### RECURSION ###

# Please complete the function to recursively 
# calculate the nth Fibonacci number (i.e., 0, 1, 1, 2, 3, 5, 8...)
# Parameters: n - index for number in fibonacci sequence
def fibonacci(n) -> int:
    
    # Base case


    # Active flow


    # Passive flow




"
121,101,recursion,2026-02-17 17:03:45.372351,76a246b4d7c07ecce1e05b5d9798cfcc56859f46,"### RECURSION ### 

# Please complete the function to recursively check if 
# a given string is a palindrome.  (i.e., 'racecar' <--> 'racecar')
# Parameters: string - string to be checked
#           start - index for beginning of subsequence
#             end - index for end of subsequence
def isPalindrome(string, start, end) -> bool:
    
    # Base case


    # Active flow



"
121,105,recursion,2026-02-17 17:08:52.083704,76a246b4d7c07ecce1e05b5d9798cfcc56859f46,"### RECURSION ###

# Please complete the function to recursively calculate 
# whether a given integer is a palindrome (i.e., 12321, 2442)
# --- Without converting it into a string --- 
# Parameters: x - integer to test
def is_num_palindrome(x) -> bool:


    # Base case
     
   
    # Active flow
    
"
121,402,list,2026-02-17 17:10:06.025413,016ade8906a505ae38465a128f685f542c204d4f,Please list ~10 different types of vehicles.
121,403,list,2026-02-17 17:11:59.973037,016ade8906a505ae38465a128f685f542c204d4f,Please list ~10 different vegetables.
121,409,list,2026-02-17 17:13:54.777893,016ade8906a505ae38465a128f685f542c204d4f,Please list ~10 different tools.
121,302,prose,2026-02-17 17:17:33.173440,33206e4341d564a80e9a78ba3c2c4cd10f81311c,"A grain of sand is smaller than a grain of rice, which is smaller than..."
121,307,prose,2026-02-17 17:20:06.848691,33206e4341d564a80e9a78ba3c2c4cd10f81311c,"A fan is quieter than a tea kettle, which is quieter than…"
121,201,iteration,2026-02-17 17:25:25.006295,76a246b4d7c07ecce1e05b5d9798cfcc56859f46,"### ITERATION ###                     

# Please complete the function to iteratively calculate 
# the nth Fibonacci number (i.e., 0, 1, 1, 2, 3, 5, 8...)
# Parameters: n - index for number in fibonacci sequence
def fibonacci(n) -> int:

    # loop header (can do for or while loop)
    for     :
        # loop body
        
    

    # return statement


"
121,102,recursion,2026-02-17 17:30:18.768864,76a246b4d7c07ecce1e05b5d9798cfcc56859f46,"### RECURSION ###

# Please complete the function to recursively print 
# all permutations of a given string. 
# (i.e., 'ABC', 'ACB', 'BAC', 'BCA', 'CAB', 'CBA')
# Parameters: string - string to be permuted
#            left - index for beginning of subsequence
#           right - index for end of subsequence
def permute(string, left, right) -> None:
    
    # Base case


    # Active flow


    # Passive flow


"
122,306,prose,2025-10-30 13:38:10.232880,33206e4341d564a80e9a78ba3c2c4cd10f81311c,"Lava is hotter than boiling water, which is hotter than…"
122,200,iteration,2025-10-30 13:44:02.494068,76a246b4d7c07ecce1e05b5d9798cfcc56859f46,"### ITERATION ###                      

# Please complete the function to iteratively perform binary search. 
# Parameters: array - list to be searched, 
#                 x - integer to find
def binarySearch(array, x) -> bool:

    # loop header (can do for or while loop)
    for     : 
        # loop body
        
   

    # return statement

"
122,103,recursion,2025-10-30 13:50:09.016530,76a246b4d7c07ecce1e05b5d9798cfcc56859f46,"### RECURSION ### 

# Please complete the function to recursively reverse 
# a given string.
# Parameters: string - string to be reversed
#           start - index for beginning of subsequence
#             end - index for end of subsequence
def reverseString(string, start, end) -> str:

    # Base case


    # Active flow


    # Passive flow
       
"
122,308,prose,2025-10-30 13:57:24.145637,33206e4341d564a80e9a78ba3c2c4cd10f81311c,"A toothpick is shorter than a credit card, which is shorter than…"
122,300,prose,2025-10-30 14:05:32.280740,33206e4341d564a80e9a78ba3c2c4cd10f81311c,"A boulder is heavier than a truck, which is heavier than..."
122,304,prose,2025-10-30 14:08:04.730622,33206e4341d564a80e9a78ba3c2c4cd10f81311c,"The sun is brighter than a lightning bolt, which is brighter than…"
122,205,iteration,2025-10-30 14:10:26.527887,76a246b4d7c07ecce1e05b5d9798cfcc56859f46,"### ITERATION ###

# Please complete the function to iteratively calculate 
# the sum of the first n natural numbers
# Parameters: n - quantity of natural numbers to consider
def sumOfNaturalNumbers(n) -> int:

    # loop header (can do for or while loop)
    for     :
        # loop body


    # return statement


"
122,100,recursion,2025-10-30 14:13:27.760368,76a246b4d7c07ecce1e05b5d9798cfcc56859f46,"### RECURSION ###

# Please complete the function to recursively 
# calculate the nth Fibonacci number (i.e., 0, 1, 1, 2, 3, 5, 8...)
# Parameters: n - index for number in fibonacci sequence
def fibonacci(n) -> int:
    
    # Base case


    # Active flow


    # Passive flow




"
122,301,prose,2025-10-30 14:18:00.251756,33206e4341d564a80e9a78ba3c2c4cd10f81311c,"A paper clip is cheaper than a pencil, which is cheaper than…"
122,202,iteration,2025-10-30 14:23:45.940892,76a246b4d7c07ecce1e05b5d9798cfcc56859f46,"### ITERATION ###  

# Please complete the function to iteratively check 
# if a given string is a palindrome 
# (i.e., 'racecar' <--> 'racecar')
# Parameters: string - string to be checked
def isPalindrome(string) -> bool:

    # loop header (can do for or while loop)
    for    :
        # loop body
        
   

    # return statement


"
122,106,recursion,2025-10-30 14:25:32.784805,76a246b4d7c07ecce1e05b5d9798cfcc56859f46,"### RECURSION ###

# Please complete the function to recursively compute 
# whether the binary tree is symmetric 
# (i.e., the left subtree is a mirror-image of the right subtree)
# Parameters: root - TreeNode object of root node with fields: root.left, 
#       5                                                      root.right, 
#     3    3                                                   root.val
#    2  1 1  2
def is_symmetric(root) -> bool:
        
    # Base case
        

    # Active flow

"
124,200,iteration,2025-10-30 17:48:39.523298,76a246b4d7c07ecce1e05b5d9798cfcc56859f46,"### ITERATION ###                      

# Please complete the function to iteratively perform binary search. 
# Parameters: array - list to be searched, 
#                 x - integer to find
def binarySearch(array, x) -> bool:

    # loop header (can do for or while loop)
    for     : 
        # loop body
        
   

    # return statement

"
124,306,prose,2025-10-30 17:51:15.553140,33206e4341d564a80e9a78ba3c2c4cd10f81311c,"Lava is hotter than boiling water, which is hotter than…"
124,104,recursion,2025-10-30 17:52:49.446634,76a246b4d7c07ecce1e05b5d9798cfcc56859f46,"### RECURSION ###

# Please complete the function to recursively calculate 
# the sum of the first n natural numbers
# Parameters: n - quantity of natural numbers to consider
def sumOfNaturalNumbers(n) -> int:
    
    # Base case


    # Active flow


    # Passive flow
    
"
124,103,recursion,2025-10-30 17:54:52.511826,76a246b4d7c07ecce1e05b5d9798cfcc56859f46,"### RECURSION ### 

# Please complete the function to recursively reverse 
# a given string.
# Parameters: string - string to be reversed
#           start - index for beginning of subsequence
#             end - index for end of subsequence
def reverseString(string, start, end) -> str:

    # Base case


    # Active flow


    # Passive flow
       
"
124,409,list,2025-10-30 17:57:34.885662,016ade8906a505ae38465a128f685f542c204d4f,Please list ~10 different tools.
124,101,recursion,2025-10-30 17:59:18.060590,76a246b4d7c07ecce1e05b5d9798cfcc56859f46,"### RECURSION ### 

# Please complete the function to recursively check if 
# a given string is a palindrome.  (i.e., 'racecar' <--> 'racecar')
# Parameters: string - string to be checked
#           start - index for beginning of subsequence
#             end - index for end of subsequence
def isPalindrome(string, start, end) -> bool:
    
    # Base case


    # Active flow



"
124,402,list,2025-10-30 18:00:29.613608,016ade8906a505ae38465a128f685f542c204d4f,Please list ~10 different types of vehicles.
124,403,list,2025-10-30 18:01:56.092835,016ade8906a505ae38465a128f685f542c204d4f,Please list ~10 different vegetables.
124,105,recursion,2025-10-30 18:06:33.989584,76a246b4d7c07ecce1e05b5d9798cfcc56859f46,"### RECURSION ###

# Please complete the function to recursively calculate 
# whether a given integer is a palindrome (i.e., 12321, 2442)
# --- Without converting it into a string --- 
# Parameters: x - integer to test
def is_num_palindrome(x) -> bool:


    # Base case
     
   
    # Active flow
    
"
124,307,prose,2025-10-30 18:13:54.479940,33206e4341d564a80e9a78ba3c2c4cd10f81311c,"A fan is quieter than a tea kettle, which is quieter than…"
124,302,prose,2025-10-30 18:15:27.584740,33206e4341d564a80e9a78ba3c2c4cd10f81311c,"A grain of sand is smaller than a grain of rice, which is smaller than..."
124,102,recursion,2025-10-30 18:23:31.295460,76a246b4d7c07ecce1e05b5d9798cfcc56859f46,"### RECURSION ###

# Please complete the function to recursively print 
# all permutations of a given string. 
# (i.e., 'ABC', 'ACB', 'BAC', 'BCA', 'CAB', 'CBA')
# Parameters: string - string to be permuted
#            left - index for beginning of subsequence
#           right - index for end of subsequence
def permute(string, left, right) -> None:
    
    # Base case


    # Active flow


    # Passive flow


"
124,201,iteration,2025-10-30 18:25:44.832348,76a246b4d7c07ecce1e05b5d9798cfcc56859f46,"### ITERATION ###                     

# Please complete the function to iteratively calculate 
# the nth Fibonacci number (i.e., 0, 1, 1, 2, 3, 5, 8...)
# Parameters: n - index for number in fibonacci sequence
def fibonacci(n) -> int:

    # loop header (can do for or while loop)
    for     :
        # loop body
        
    

    # return statement


"
124,405,list,2025-10-30 18:30:26.921824,016ade8906a505ae38465a128f685f542c204d4f,Please list ~10 types of clothing.
124,301,prose,2025-10-30 18:31:59.289654,33206e4341d564a80e9a78ba3c2c4cd10f81311c,"A paper clip is cheaper than a pencil, which is cheaper than…"
124,106,recursion,2025-10-30 18:34:26.813574,76a246b4d7c07ecce1e05b5d9798cfcc56859f46,"### RECURSION ###

# Please complete the function to recursively compute 
# whether the binary tree is symmetric 
# (i.e., the left subtree is a mirror-image of the right subtree)
# Parameters: root - TreeNode object of root node with fields: root.left, 
#       5                                                      root.right, 
#     3    3                                                   root.val
#    2  1 1  2
def is_symmetric(root) -> bool:
        
    # Base case
        

    # Active flow

"
124,401,list,2025-10-30 18:35:18.338313,016ade8906a505ae38465a128f685f542c204d4f,Please list ~10 different types of office supplies.
124,202,iteration,2025-10-30 18:36:45.559427,76a246b4d7c07ecce1e05b5d9798cfcc56859f46,"### ITERATION ###  

# Please complete the function to iteratively check 
# if a given string is a palindrome 
# (i.e., 'racecar' <--> 'racecar')
# Parameters: string - string to be checked
def isPalindrome(string) -> bool:

    # loop header (can do for or while loop)
    for    :
        # loop body
        
   

    # return statement


"
124,407,list,2025-10-30 18:39:29.182816,016ade8906a505ae38465a128f685f542c204d4f,Please list ~10 different instruments.
124,308,prose,2025-10-30 18:41:00.682051,33206e4341d564a80e9a78ba3c2c4cd10f81311c,"A toothpick is shorter than a credit card, which is shorter than…"
124,206,iteration,2025-10-30 18:44:31.302120,76a246b4d7c07ecce1e05b5d9798cfcc56859f46,"### ITERATION ###

# Please complete the function to iteratively calculate 
# whether a given integer is a palindrome (i.e., 12321, 2442)
# --- Without converting it into a string --- 
# Parameters: x - integer to test
def is_num_palindrome(x) -> bool:
    
    # loop header (can do for or while loop)
    for    :
        # loop body


    # return statement
    "
124,404,list,2025-10-30 18:45:15.884088,016ade8906a505ae38465a128f685f542c204d4f,Please list ~10 different fruits.
124,203,iteration,2025-10-30 18:46:22.246568,76a246b4d7c07ecce1e05b5d9798cfcc56859f46,"### ITERATION ### 

# Please complete the function to iteratively reverse 
# a given string. 
# Parameters: string - string to be reversed
def reverseString(string) -> str:
    
    # loop header (can do for or while loop)
    for     :
        # loop body

    

    # return statement

"
124,304,prose,2025-10-30 18:50:02.124055,33206e4341d564a80e9a78ba3c2c4cd10f81311c,"The sun is brighter than a lightning bolt, which is brighter than…"
124,300,prose,2025-10-30 18:51:30.787139,33206e4341d564a80e9a78ba3c2c4cd10f81311c,"A boulder is heavier than a truck, which is heavier than..."
124,100,recursion,2025-10-30 18:53:19.695979,76a246b4d7c07ecce1e05b5d9798cfcc56859f46,"### RECURSION ###

# Please complete the function to recursively 
# calculate the nth Fibonacci number (i.e., 0, 1, 1, 2, 3, 5, 8...)
# Parameters: n - index for number in fibonacci sequence
def fibonacci(n) -> int:
    
    # Base case


    # Active flow


    # Passive flow




"
124,205,iteration,2025-10-30 18:54:07.726637,76a246b4d7c07ecce1e05b5d9798cfcc56859f46,"### ITERATION ###

# Please complete the function to iteratively calculate 
# the sum of the first n natural numbers
# Parameters: n - quantity of natural numbers to consider
def sumOfNaturalNumbers(n) -> int:

    # loop header (can do for or while loop)
    for     :
        # loop body


    # return statement


"
125,401,list,2025-10-26 13:41:29.274042,016ade8906a505ae38465a128f685f542c204d4f,Please list ~10 different types of office supplies.
125,301,prose,2025-10-26 13:42:35.386643,33206e4341d564a80e9a78ba3c2c4cd10f81311c,"A paper clip is cheaper than a pencil, which is cheaper than…"
125,106,recursion,2025-10-26 13:50:41.936756,76a246b4d7c07ecce1e05b5d9798cfcc56859f46,"### RECURSION ###

# Please complete the function to recursively compute 
# whether the binary tree is symmetric 
# (i.e., the left subtree is a mirror-image of the right subtree)
# Parameters: root - TreeNode object of root node with fields: root.left, 
#       5                                                      root.right, 
#     3    3                                                   root.val
#    2  1 1  2
def is_symmetric(root) -> bool:
        
    # Base case
        

    # Active flow

"
125,202,iteration,2025-10-26 13:53:51.817060,76a246b4d7c07ecce1e05b5d9798cfcc56859f46,"### ITERATION ###  

# Please complete the function to iteratively check 
# if a given string is a palindrome 
# (i.e., 'racecar' <--> 'racecar')
# Parameters: string - string to be checked
def isPalindrome(string) -> bool:

    # loop header (can do for or while loop)
    for    :
        # loop body
        
   

    # return statement


"
125,403,list,2025-10-26 14:00:36.352890,016ade8906a505ae38465a128f685f542c204d4f,Please list ~10 different vegetables.
125,404,list,2025-10-26 14:08:28.549355,016ade8906a505ae38465a128f685f542c204d4f,Please list ~10 different fruits.
125,308,prose,2025-10-26 14:09:21.367145,33206e4341d564a80e9a78ba3c2c4cd10f81311c,"A toothpick is shorter than a credit card, which is shorter than…"
125,104,recursion,2025-10-26 14:17:49.971867,76a246b4d7c07ecce1e05b5d9798cfcc56859f46,"### RECURSION ###

# Please complete the function to recursively calculate 
# the sum of the first n natural numbers
# Parameters: n - quantity of natural numbers to consider
def sumOfNaturalNumbers(n) -> int:
    
    # Base case


    # Active flow


    # Passive flow
    
"
125,306,prose,2025-10-26 14:20:25.022660,33206e4341d564a80e9a78ba3c2c4cd10f81311c,"Lava is hotter than boiling water, which is hotter than…"
125,103,recursion,2025-10-26 14:27:14.020854,76a246b4d7c07ecce1e05b5d9798cfcc56859f46,"### RECURSION ### 

# Please complete the function to recursively reverse 
# a given string.
# Parameters: string - string to be reversed
#           start - index for beginning of subsequence
#             end - index for end of subsequence
def reverseString(string, start, end) -> str:

    # Base case


    # Active flow


    # Passive flow
       
"
126,201,iteration,2025-10-25 08:55:55.800748,76a246b4d7c07ecce1e05b5d9798cfcc56859f46,"### ITERATION ###                     

# Please complete the function to iteratively calculate 
# the nth Fibonacci number (i.e., 0, 1, 1, 2, 3, 5, 8...)
# Parameters: n - index for number in fibonacci sequence
def fibonacci(n) -> int:

    # loop header (can do for or while loop)
    for     :
        # loop body
        
    

    # return statement


"
126,102,recursion,2025-10-25 09:01:41.677657,76a246b4d7c07ecce1e05b5d9798cfcc56859f46,"### RECURSION ###

# Please complete the function to recursively print 
# all permutations of a given string. 
# (i.e., 'ABC', 'ACB', 'BAC', 'BCA', 'CAB', 'CBA')
# Parameters: string - string to be permuted
#            left - index for beginning of subsequence
#           right - index for end of subsequence
def permute(string, left, right) -> None:
    
    # Base case


    # Active flow


    # Passive flow


"
126,302,prose,2025-10-25 09:03:28.534409,33206e4341d564a80e9a78ba3c2c4cd10f81311c,"A grain of sand is smaller than a grain of rice, which is smaller than..."
126,307,prose,2025-10-25 09:06:03.717926,33206e4341d564a80e9a78ba3c2c4cd10f81311c,"A fan is quieter than a tea kettle, which is quieter than…"
126,405,list,2025-10-25 09:09:35.203928,016ade8906a505ae38465a128f685f542c204d4f,Please list ~10 types of clothing.
126,106,recursion,2025-10-25 09:14:13.281013,76a246b4d7c07ecce1e05b5d9798cfcc56859f46,"### RECURSION ###

# Please complete the function to recursively compute 
# whether the binary tree is symmetric 
# (i.e., the left subtree is a mirror-image of the right subtree)
# Parameters: root - TreeNode object of root node with fields: root.left, 
#       5                                                      root.right, 
#     3    3                                                   root.val
#    2  1 1  2
def is_symmetric(root) -> bool:
        
    # Base case
        

    # Active flow

"
126,202,iteration,2025-10-25 09:15:08.089968,76a246b4d7c07ecce1e05b5d9798cfcc56859f46,"### ITERATION ###  

# Please complete the function to iteratively check 
# if a given string is a palindrome 
# (i.e., 'racecar' <--> 'racecar')
# Parameters: string - string to be checked
def isPalindrome(string) -> bool:

    # loop header (can do for or while loop)
    for    :
        # loop body
        
   

    # return statement


"
126,401,list,2025-10-25 09:15:59.715034,016ade8906a505ae38465a128f685f542c204d4f,Please list ~10 different types of office supplies.
126,301,prose,2025-10-25 09:18:33.597233,33206e4341d564a80e9a78ba3c2c4cd10f81311c,"A paper clip is cheaper than a pencil, which is cheaper than…"
126,205,iteration,2025-10-25 09:21:11.281699,76a246b4d7c07ecce1e05b5d9798cfcc56859f46,"### ITERATION ###

# Please complete the function to iteratively calculate 
# the sum of the first n natural numbers
# Parameters: n - quantity of natural numbers to consider
def sumOfNaturalNumbers(n) -> int:

    # loop header (can do for or while loop)
    for     :
        # loop body


    # return statement


"
126,100,recursion,2025-10-25 09:22:09.661522,76a246b4d7c07ecce1e05b5d9798cfcc56859f46,"### RECURSION ###

# Please complete the function to recursively 
# calculate the nth Fibonacci number (i.e., 0, 1, 1, 2, 3, 5, 8...)
# Parameters: n - index for number in fibonacci sequence
def fibonacci(n) -> int:
    
    # Base case


    # Active flow


    # Passive flow




"
126,300,prose,2025-10-25 09:23:46.682632,33206e4341d564a80e9a78ba3c2c4cd10f81311c,"A boulder is heavier than a truck, which is heavier than..."
126,304,prose,2025-10-25 09:26:22.437042,33206e4341d564a80e9a78ba3c2c4cd10f81311c,"The sun is brighter than a lightning bolt, which is brighter than…"
126,103,recursion,2025-10-25 09:29:46.172411,76a246b4d7c07ecce1e05b5d9798cfcc56859f46,"### RECURSION ### 

# Please complete the function to recursively reverse 
# a given string.
# Parameters: string - string to be reversed
#           start - index for beginning of subsequence
#             end - index for end of subsequence
def reverseString(string, start, end) -> str:

    # Base case


    # Active flow


    # Passive flow
       
"
126,104,recursion,2025-10-25 09:30:25.875660,76a246b4d7c07ecce1e05b5d9798cfcc56859f46,"### RECURSION ###

# Please complete the function to recursively calculate 
# the sum of the first n natural numbers
# Parameters: n - quantity of natural numbers to consider
def sumOfNaturalNumbers(n) -> int:
    
    # Base case


    # Active flow


    # Passive flow
    
"
126,306,prose,2025-10-25 09:32:49.670842,33206e4341d564a80e9a78ba3c2c4cd10f81311c,"Lava is hotter than boiling water, which is hotter than…"
126,200,iteration,2025-10-25 09:34:11.009915,76a246b4d7c07ecce1e05b5d9798cfcc56859f46,"### ITERATION ###                      

# Please complete the function to iteratively perform binary search. 
# Parameters: array - list to be searched, 
#                 x - integer to find
def binarySearch(array, x) -> bool:

    # loop header (can do for or while loop)
    for     : 
        # loop body
        
   

    # return statement

"
126,409,list,2025-10-25 09:37:47.986523,016ade8906a505ae38465a128f685f542c204d4f,Please list ~10 different tools.
126,402,list,2025-10-25 09:38:43.064825,016ade8906a505ae38465a128f685f542c204d4f,Please list ~10 different types of vehicles.
126,105,recursion,2025-10-25 09:41:36.407987,76a246b4d7c07ecce1e05b5d9798cfcc56859f46,"### RECURSION ###

# Please complete the function to recursively calculate 
# whether a given integer is a palindrome (i.e., 12321, 2442)
# --- Without converting it into a string --- 
# Parameters: x - integer to test
def is_num_palindrome(x) -> bool:


    # Base case
     
   
    # Active flow
    
"
126,403,list,2025-10-25 09:43:32.556990,016ade8906a505ae38465a128f685f542c204d4f,Please list ~10 different vegetables.
126,101,recursion,2025-10-25 09:44:47.925864,76a246b4d7c07ecce1e05b5d9798cfcc56859f46,"### RECURSION ### 

# Please complete the function to recursively check if 
# a given string is a palindrome.  (i.e., 'racecar' <--> 'racecar')
# Parameters: string - string to be checked
#           start - index for beginning of subsequence
#             end - index for end of subsequence
def isPalindrome(string, start, end) -> bool:
    
    # Base case


    # Active flow



"
126,407,list,2025-10-25 09:47:41.330578,016ade8906a505ae38465a128f685f542c204d4f,Please list ~10 different instruments.
126,206,iteration,2025-10-25 09:50:14.076564,76a246b4d7c07ecce1e05b5d9798cfcc56859f46,"### ITERATION ###

# Please complete the function to iteratively calculate 
# whether a given integer is a palindrome (i.e., 12321, 2442)
# --- Without converting it into a string --- 
# Parameters: x - integer to test
def is_num_palindrome(x) -> bool:
    
    # loop header (can do for or while loop)
    for    :
        # loop body


    # return statement
    "
126,203,iteration,2025-10-25 09:51:02.379765,76a246b4d7c07ecce1e05b5d9798cfcc56859f46,"### ITERATION ### 

# Please complete the function to iteratively reverse 
# a given string. 
# Parameters: string - string to be reversed
def reverseString(string) -> str:
    
    # loop header (can do for or while loop)
    for     :
        # loop body

    

    # return statement

"
126,404,list,2025-10-25 09:51:43.607770,016ade8906a505ae38465a128f685f542c204d4f,Please list ~10 different fruits.
126,308,prose,2025-10-25 09:53:36.639018,33206e4341d564a80e9a78ba3c2c4cd10f81311c,"A toothpick is shorter than a credit card, which is shorter than…"
127,300,prose,2026-01-19 13:49:51.919198,33206e4341d564a80e9a78ba3c2c4cd10f81311c,"A boulder is heavier than a truck, which is heavier than..."
127,304,prose,2026-01-19 13:51:32.738634,33206e4341d564a80e9a78ba3c2c4cd10f81311c,"The sun is brighter than a lightning bolt, which is brighter than…"
127,205,iteration,2026-01-19 13:55:06.294030,76a246b4d7c07ecce1e05b5d9798cfcc56859f46,"### ITERATION ###

# Please complete the function to iteratively calculate 
# the sum of the first n natural numbers
# Parameters: n - quantity of natural numbers to consider
def sumOfNaturalNumbers(n) -> int:

    # loop header (can do for or while loop)
    for     :
        # loop body


    # return statement


"
127,100,recursion,2026-01-19 13:57:49.736901,76a246b4d7c07ecce1e05b5d9798cfcc56859f46,"### RECURSION ###

# Please complete the function to recursively 
# calculate the nth Fibonacci number (i.e., 0, 1, 1, 2, 3, 5, 8...)
# Parameters: n - index for number in fibonacci sequence
def fibonacci(n) -> int:
    
    # Base case


    # Active flow


    # Passive flow




"
127,306,prose,2026-01-19 14:01:00.996324,33206e4341d564a80e9a78ba3c2c4cd10f81311c,"Lava is hotter than boiling water, which is hotter than…"
127,200,iteration,2026-01-19 14:06:03.995191,76a246b4d7c07ecce1e05b5d9798cfcc56859f46,"### ITERATION ###                      

# Please complete the function to iteratively perform binary search. 
# Parameters: array - list to be searched, 
#                 x - integer to find
def binarySearch(array, x) -> bool:

    # loop header (can do for or while loop)
    for     : 
        # loop body
        
   

    # return statement

"
127,103,recursion,2026-01-19 14:09:15.387535,76a246b4d7c07ecce1e05b5d9798cfcc56859f46,"### RECURSION ### 

# Please complete the function to recursively reverse 
# a given string.
# Parameters: string - string to be reversed
#           start - index for beginning of subsequence
#             end - index for end of subsequence
def reverseString(string, start, end) -> str:

    # Base case


    # Active flow


    # Passive flow
       
"
127,104,recursion,2026-01-19 14:11:21.376676,76a246b4d7c07ecce1e05b5d9798cfcc56859f46,"### RECURSION ###

# Please complete the function to recursively calculate 
# the sum of the first n natural numbers
# Parameters: n - quantity of natural numbers to consider
def sumOfNaturalNumbers(n) -> int:
    
    # Base case


    # Active flow


    # Passive flow
    
"
127,101,recursion,2026-01-19 14:14:49.370385,76a246b4d7c07ecce1e05b5d9798cfcc56859f46,"### RECURSION ### 

# Please complete the function to recursively check if 
# a given string is a palindrome.  (i.e., 'racecar' <--> 'racecar')
# Parameters: string - string to be checked
#           start - index for beginning of subsequence
#             end - index for end of subsequence
def isPalindrome(string, start, end) -> bool:
    
    # Base case


    # Active flow



"
127,105,recursion,2026-01-19 14:22:53.927229,76a246b4d7c07ecce1e05b5d9798cfcc56859f46,"### RECURSION ###

# Please complete the function to recursively calculate 
# whether a given integer is a palindrome (i.e., 12321, 2442)
# --- Without converting it into a string --- 
# Parameters: x - integer to test
def is_num_palindrome(x) -> bool:


    # Base case
     
   
    # Active flow
    
"
127,402,list,2026-01-19 14:23:58.524218,016ade8906a505ae38465a128f685f542c204d4f,Please list ~10 different types of vehicles.
127,403,list,2026-01-19 14:25:01.111378,016ade8906a505ae38465a128f685f542c204d4f,Please list ~10 different vegetables.
127,409,list,2026-01-19 14:26:10.360023,016ade8906a505ae38465a128f685f542c204d4f,Please list ~10 different tools.
127,308,prose,2026-01-19 14:29:04.682461,33206e4341d564a80e9a78ba3c2c4cd10f81311c,"A toothpick is shorter than a credit card, which is shorter than…"
127,203,iteration,2026-01-19 14:31:49.533185,76a246b4d7c07ecce1e05b5d9798cfcc56859f46,"### ITERATION ### 

# Please complete the function to iteratively reverse 
# a given string. 
# Parameters: string - string to be reversed
def reverseString(string) -> str:
    
    # loop header (can do for or while loop)
    for     :
        # loop body

    

    # return statement

"
127,206,iteration,2026-01-19 14:36:39.002818,76a246b4d7c07ecce1e05b5d9798cfcc56859f46,"### ITERATION ###

# Please complete the function to iteratively calculate 
# whether a given integer is a palindrome (i.e., 12321, 2442)
# --- Without converting it into a string --- 
# Parameters: x - integer to test
def is_num_palindrome(x) -> bool:
    
    # loop header (can do for or while loop)
    for    :
        # loop body


    # return statement
    "
127,404,list,2026-01-19 14:37:20.320120,016ade8906a505ae38465a128f685f542c204d4f,Please list ~10 different fruits.
127,407,list,2026-01-19 14:38:06.851117,016ade8906a505ae38465a128f685f542c204d4f,Please list ~10 different instruments.
127,302,prose,2026-01-19 14:42:44.361029,33206e4341d564a80e9a78ba3c2c4cd10f81311c,"A grain of sand is smaller than a grain of rice, which is smaller than..."
127,307,prose,2026-01-19 14:44:06.851780,33206e4341d564a80e9a78ba3c2c4cd10f81311c,"A fan is quieter than a tea kettle, which is quieter than…"
127,201,iteration,2026-01-19 14:47:37.594194,76a246b4d7c07ecce1e05b5d9798cfcc56859f46,"### ITERATION ###                     

# Please complete the function to iteratively calculate 
# the nth Fibonacci number (i.e., 0, 1, 1, 2, 3, 5, 8...)
# Parameters: n - index for number in fibonacci sequence
def fibonacci(n) -> int:

    # loop header (can do for or while loop)
    for     :
        # loop body
        
    

    # return statement


"
127,102,recursion,2026-01-19 14:54:51.366294,76a246b4d7c07ecce1e05b5d9798cfcc56859f46,"### RECURSION ###

# Please complete the function to recursively print 
# all permutations of a given string. 
# (i.e., 'ABC', 'ACB', 'BAC', 'BCA', 'CAB', 'CBA')
# Parameters: string - string to be permuted
#            left - index for beginning of subsequence
#           right - index for end of subsequence
def permute(string, left, right) -> None:
    
    # Base case


    # Active flow


    # Passive flow


"
128,101,recursion,2026-03-28 16:10:41.889998,76a246b4d7c07ecce1e05b5d9798cfcc56859f46,"### RECURSION ### 

# Please complete the function to recursively check if 
# a given string is a palindrome.  (i.e., 'racecar' <--> 'racecar')
# Parameters: string - string to be checked
#           start - index for beginning of subsequence
#             end - index for end of subsequence
def isPalindrome(string, start, end) -> bool:
    
    # Base case


    # Active flow



"
128,402,list,2026-03-28 16:12:49.866470,016ade8906a505ae38465a128f685f542c204d4f,Please list ~10 different types of vehicles.
128,409,list,2026-03-28 16:15:15.167432,016ade8906a505ae38465a128f685f542c204d4f,Please list ~10 different tools.
128,403,list,2026-03-28 16:17:35.098472,016ade8906a505ae38465a128f685f542c204d4f,Please list ~10 different vegetables.
128,201,iteration,2026-03-28 16:25:19.167562,76a246b4d7c07ecce1e05b5d9798cfcc56859f46,"### ITERATION ###                     

# Please complete the function to iteratively calculate 
# the nth Fibonacci number (i.e., 0, 1, 1, 2, 3, 5, 8...)
# Parameters: n - index for number in fibonacci sequence
def fibonacci(n) -> int:

    # loop header (can do for or while loop)
    for     :
        # loop body
        
    

    # return statement


"
128,103,recursion,2026-03-28 16:37:03.919106,76a246b4d7c07ecce1e05b5d9798cfcc56859f46,"### RECURSION ### 

# Please complete the function to recursively reverse 
# a given string.
# Parameters: string - string to be reversed
#           start - index for beginning of subsequence
#             end - index for end of subsequence
def reverseString(string, start, end) -> str:

    # Base case


    # Active flow


    # Passive flow
       
"
128,200,iteration,2026-03-28 16:43:06.937937,76a246b4d7c07ecce1e05b5d9798cfcc56859f46,"### ITERATION ###                      

# Please complete the function to iteratively perform binary search. 
# Parameters: array - list to be searched, 
#                 x - integer to find
def binarySearch(array, x) -> bool:

    # loop header (can do for or while loop)
    for     : 
        # loop body
        
   

    # return statement

"
128,104,recursion,2026-03-28 16:44:02.290069,76a246b4d7c07ecce1e05b5d9798cfcc56859f46,"### RECURSION ###

# Please complete the function to recursively calculate 
# the sum of the first n natural numbers
# Parameters: n - quantity of natural numbers to consider
def sumOfNaturalNumbers(n) -> int:
    
    # Base case


    # Active flow


    # Passive flow
    
"
128,301,prose,2026-03-28 16:48:06.081907,33206e4341d564a80e9a78ba3c2c4cd10f81311c,"A paper clip is cheaper than a pencil, which is cheaper than…"
128,106,recursion,2026-03-28 16:56:10.071694,76a246b4d7c07ecce1e05b5d9798cfcc56859f46,"### RECURSION ###

# Please complete the function to recursively compute 
# whether the binary tree is symmetric 
# (i.e., the left subtree is a mirror-image of the right subtree)
# Parameters: root - TreeNode object of root node with fields: root.left, 
#       5                                                      root.right, 
#     3    3                                                   root.val
#    2  1 1  2
def is_symmetric(root) -> bool:
        
    # Base case
        

    # Active flow

"
128,405,list,2026-03-28 16:58:15.397542,016ade8906a505ae38465a128f685f542c204d4f,Please list ~10 types of clothing.
128,401,list,2026-03-28 17:00:13.443755,016ade8906a505ae38465a128f685f542c204d4f,Please list ~10 different types of office supplies.
128,202,iteration,2026-03-28 17:00:26.507023,76a246b4d7c07ecce1e05b5d9798cfcc56859f46,"### ITERATION ###  

# Please complete the function to iteratively check 
# if a given string is a palindrome 
# (i.e., 'racecar' <--> 'racecar')
# Parameters: string - string to be checked
def isPalindrome(string) -> bool:

    # loop header (can do for or while loop)
    for    :
        # loop body
        
   

    # return statement


"
130,300,prose,2026-01-16 16:50:37.860244,33206e4341d564a80e9a78ba3c2c4cd10f81311c,"A boulder is heavier than a truck, which is heavier than..."
130,205,iteration,2026-01-16 16:52:42.017468,76a246b4d7c07ecce1e05b5d9798cfcc56859f46,"### ITERATION ###

# Please complete the function to iteratively calculate 
# the sum of the first n natural numbers
# Parameters: n - quantity of natural numbers to consider
def sumOfNaturalNumbers(n) -> int:

    # loop header (can do for or while loop)
    for     :
        # loop body


    # return statement


"
130,100,recursion,2026-01-16 17:00:48.549925,76a246b4d7c07ecce1e05b5d9798cfcc56859f46,"### RECURSION ###

# Please complete the function to recursively 
# calculate the nth Fibonacci number (i.e., 0, 1, 1, 2, 3, 5, 8...)
# Parameters: n - index for number in fibonacci sequence
def fibonacci(n) -> int:
    
    # Base case


    # Active flow


    # Passive flow




"
130,304,prose,2026-01-16 17:02:42.900573,33206e4341d564a80e9a78ba3c2c4cd10f81311c,"The sun is brighter than a lightning bolt, which is brighter than…"
130,306,prose,2026-01-16 17:06:33.935812,33206e4341d564a80e9a78ba3c2c4cd10f81311c,"Lava is hotter than boiling water, which is hotter than…"
130,103,recursion,2026-01-16 17:14:37.218689,76a246b4d7c07ecce1e05b5d9798cfcc56859f46,"### RECURSION ### 

# Please complete the function to recursively reverse 
# a given string.
# Parameters: string - string to be reversed
#           start - index for beginning of subsequence
#             end - index for end of subsequence
def reverseString(string, start, end) -> str:

    # Base case


    # Active flow


    # Passive flow
       
"
130,104,recursion,2026-01-16 17:18:47.639573,76a246b4d7c07ecce1e05b5d9798cfcc56859f46,"### RECURSION ###

# Please complete the function to recursively calculate 
# the sum of the first n natural numbers
# Parameters: n - quantity of natural numbers to consider
def sumOfNaturalNumbers(n) -> int:
    
    # Base case


    # Active flow


    # Passive flow
    
"
130,200,iteration,2026-01-16 17:18:52.774642,76a246b4d7c07ecce1e05b5d9798cfcc56859f46,"### ITERATION ###                      

# Please complete the function to iteratively perform binary search. 
# Parameters: array - list to be searched, 
#                 x - integer to find
def binarySearch(array, x) -> bool:

    # loop header (can do for or while loop)
    for     : 
        # loop body
        
   

    # return statement

"
130,308,prose,2026-01-16 17:23:52.133815,33206e4341d564a80e9a78ba3c2c4cd10f81311c,"A toothpick is shorter than a credit card, which is shorter than…"
130,206,iteration,2026-01-16 17:29:55.180113,76a246b4d7c07ecce1e05b5d9798cfcc56859f46,"### ITERATION ###

# Please complete the function to iteratively calculate 
# whether a given integer is a palindrome (i.e., 12321, 2442)
# --- Without converting it into a string --- 
# Parameters: x - integer to test
def is_num_palindrome(x) -> bool:
    
    # loop header (can do for or while loop)
    for    :
        # loop body


    # return statement
    "
130,404,list,2026-01-16 17:31:18.200934,016ade8906a505ae38465a128f685f542c204d4f,Please list ~10 different fruits.
130,203,iteration,2026-01-16 17:34:29.258647,76a246b4d7c07ecce1e05b5d9798cfcc56859f46,"### ITERATION ### 

# Please complete the function to iteratively reverse 
# a given string. 
# Parameters: string - string to be reversed
def reverseString(string) -> str:
    
    # loop header (can do for or while loop)
    for     :
        # loop body

    

    # return statement

"
130,407,list,2026-01-16 17:35:18.518123,016ade8906a505ae38465a128f685f542c204d4f,Please list ~10 different instruments.
130,301,prose,2026-01-16 17:41:18.273932,33206e4341d564a80e9a78ba3c2c4cd10f81311c,"A paper clip is cheaper than a pencil, which is cheaper than…"
130,106,recursion,2026-01-16 17:49:23.078831,76a246b4d7c07ecce1e05b5d9798cfcc56859f46,"### RECURSION ###

# Please complete the function to recursively compute 
# whether the binary tree is symmetric 
# (i.e., the left subtree is a mirror-image of the right subtree)
# Parameters: root - TreeNode object of root node with fields: root.left, 
#       5                                                      root.right, 
#     3    3                                                   root.val
#    2  1 1  2
def is_symmetric(root) -> bool:
        
    # Base case
        

    # Active flow

"
130,401,list,2026-01-16 17:50:07.501638,016ade8906a505ae38465a128f685f542c204d4f,Please list ~10 different types of office supplies.
130,202,iteration,2026-01-16 17:52:19.234251,76a246b4d7c07ecce1e05b5d9798cfcc56859f46,"### ITERATION ###  

# Please complete the function to iteratively check 
# if a given string is a palindrome 
# (i.e., 'racecar' <--> 'racecar')
# Parameters: string - string to be checked
def isPalindrome(string) -> bool:

    # loop header (can do for or while loop)
    for    :
        # loop body
        
   

    # return statement


"
130,405,list,2026-01-16 17:52:50.745588,016ade8906a505ae38465a128f685f542c204d4f,Please list ~10 types of clothing.
131,201,iteration,2025-10-29 07:54:50.748557,76a246b4d7c07ecce1e05b5d9798cfcc56859f46,"### ITERATION ###                     

# Please complete the function to iteratively calculate 
# the nth Fibonacci number (i.e., 0, 1, 1, 2, 3, 5, 8...)
# Parameters: n - index for number in fibonacci sequence
def fibonacci(n) -> int:

    # loop header (can do for or while loop)
    for     :
        # loop body
        
    

    # return statement


"
131,302,prose,2025-10-29 07:56:38.894758,33206e4341d564a80e9a78ba3c2c4cd10f81311c,"A grain of sand is smaller than a grain of rice, which is smaller than..."
131,307,prose,2025-10-29 07:58:29.108126,33206e4341d564a80e9a78ba3c2c4cd10f81311c,"A fan is quieter than a tea kettle, which is quieter than…"
131,102,recursion,2025-10-29 08:03:40.515658,76a246b4d7c07ecce1e05b5d9798cfcc56859f46,"### RECURSION ###

# Please complete the function to recursively print 
# all permutations of a given string. 
# (i.e., 'ABC', 'ACB', 'BAC', 'BCA', 'CAB', 'CBA')
# Parameters: string - string to be permuted
#            left - index for beginning of subsequence
#           right - index for end of subsequence
def permute(string, left, right) -> None:
    
    # Base case


    # Active flow


    # Passive flow


"
131,404,list,2025-10-29 08:07:15.724475,016ade8906a505ae38465a128f685f542c204d4f,Please list ~10 different fruits.
131,407,list,2025-10-29 08:07:48.519145,016ade8906a505ae38465a128f685f542c204d4f,Please list ~10 different instruments.
131,206,iteration,2025-10-29 08:09:45.939010,76a246b4d7c07ecce1e05b5d9798cfcc56859f46,"### ITERATION ###

# Please complete the function to iteratively calculate 
# whether a given integer is a palindrome (i.e., 12321, 2442)
# --- Without converting it into a string --- 
# Parameters: x - integer to test
def is_num_palindrome(x) -> bool:
    
    # loop header (can do for or while loop)
    for    :
        # loop body


    # return statement
    "
131,308,prose,2025-10-29 08:11:20.776433,33206e4341d564a80e9a78ba3c2c4cd10f81311c,"A toothpick is shorter than a credit card, which is shorter than…"
131,203,iteration,2025-10-29 08:12:36.423604,76a246b4d7c07ecce1e05b5d9798cfcc56859f46,"### ITERATION ### 

# Please complete the function to iteratively reverse 
# a given string. 
# Parameters: string - string to be reversed
def reverseString(string) -> str:
    
    # loop header (can do for or while loop)
    for     :
        # loop body

    

    # return statement

"
131,401,list,2025-10-29 08:16:01.185608,016ade8906a505ae38465a128f685f542c204d4f,Please list ~10 different types of office supplies.
131,405,list,2025-10-29 08:16:41.675030,016ade8906a505ae38465a128f685f542c204d4f,Please list ~10 types of clothing.
131,106,recursion,2025-10-29 08:24:44.872288,76a246b4d7c07ecce1e05b5d9798cfcc56859f46,"### RECURSION ###

# Please complete the function to recursively compute 
# whether the binary tree is symmetric 
# (i.e., the left subtree is a mirror-image of the right subtree)
# Parameters: root - TreeNode object of root node with fields: root.left, 
#       5                                                      root.right, 
#     3    3                                                   root.val
#    2  1 1  2
def is_symmetric(root) -> bool:
        
    # Base case
        

    # Active flow

"
131,301,prose,2025-10-29 08:26:03.391658,33206e4341d564a80e9a78ba3c2c4cd10f81311c,"A paper clip is cheaper than a pencil, which is cheaper than…"
131,202,iteration,2025-10-29 08:27:12.228036,76a246b4d7c07ecce1e05b5d9798cfcc56859f46,"### ITERATION ###  

# Please complete the function to iteratively check 
# if a given string is a palindrome 
# (i.e., 'racecar' <--> 'racecar')
# Parameters: string - string to be checked
def isPalindrome(string) -> bool:

    # loop header (can do for or while loop)
    for    :
        # loop body
        
   

    # return statement


"
131,205,iteration,2025-10-29 08:29:44.542923,76a246b4d7c07ecce1e05b5d9798cfcc56859f46,"### ITERATION ###

# Please complete the function to iteratively calculate 
# the sum of the first n natural numbers
# Parameters: n - quantity of natural numbers to consider
def sumOfNaturalNumbers(n) -> int:

    # loop header (can do for or while loop)
    for     :
        # loop body


    # return statement


"
131,300,prose,2025-10-29 08:31:31.573657,33206e4341d564a80e9a78ba3c2c4cd10f81311c,"A boulder is heavier than a truck, which is heavier than..."
131,304,prose,2025-10-29 08:33:36.971348,33206e4341d564a80e9a78ba3c2c4cd10f81311c,"The sun is brighter than a lightning bolt, which is brighter than…"
131,100,recursion,2025-10-29 08:35:08.704957,76a246b4d7c07ecce1e05b5d9798cfcc56859f46,"### RECURSION ###

# Please complete the function to recursively 
# calculate the nth Fibonacci number (i.e., 0, 1, 1, 2, 3, 5, 8...)
# Parameters: n - index for number in fibonacci sequence
def fibonacci(n) -> int:
    
    # Base case


    # Active flow


    # Passive flow




"
131,103,recursion,2025-10-29 08:40:57.526134,76a246b4d7c07ecce1e05b5d9798cfcc56859f46,"### RECURSION ### 

# Please complete the function to recursively reverse 
# a given string.
# Parameters: string - string to be reversed
#           start - index for beginning of subsequence
#             end - index for end of subsequence
def reverseString(string, start, end) -> str:

    # Base case


    # Active flow


    # Passive flow
       
"
131,306,prose,2025-10-29 08:42:57.252564,33206e4341d564a80e9a78ba3c2c4cd10f81311c,"Lava is hotter than boiling water, which is hotter than…"
131,200,iteration,2025-10-29 08:46:58.138859,76a246b4d7c07ecce1e05b5d9798cfcc56859f46,"### ITERATION ###                      

# Please complete the function to iteratively perform binary search. 
# Parameters: array - list to be searched, 
#                 x - integer to find
def binarySearch(array, x) -> bool:

    # loop header (can do for or while loop)
    for     : 
        # loop body
        
   

    # return statement

"
131,104,recursion,2025-10-29 08:50:16.976947,76a246b4d7c07ecce1e05b5d9798cfcc56859f46,"### RECURSION ###

# Please complete the function to recursively calculate 
# the sum of the first n natural numbers
# Parameters: n - quantity of natural numbers to consider
def sumOfNaturalNumbers(n) -> int:
    
    # Base case


    # Active flow


    # Passive flow
    
"
131,403,list,2025-10-29 08:53:07.757408,016ade8906a505ae38465a128f685f542c204d4f,Please list ~10 different vegetables.
131,409,list,2025-10-29 08:53:45.249851,016ade8906a505ae38465a128f685f542c204d4f,Please list ~10 different tools.
131,402,list,2025-10-29 08:54:21.599307,016ade8906a505ae38465a128f685f542c204d4f,Please list ~10 different types of vehicles.
131,101,recursion,2025-10-29 08:54:29.974748,76a246b4d7c07ecce1e05b5d9798cfcc56859f46,"### RECURSION ### 

# Please complete the function to recursively check if 
# a given string is a palindrome.  (i.e., 'racecar' <--> 'racecar')
# Parameters: string - string to be checked
#           start - index for beginning of subsequence
#             end - index for end of subsequence
def isPalindrome(string, start, end) -> bool:
    
    # Base case


    # Active flow



"
133,300,prose,2025-10-24 10:57:34.535939,33206e4341d564a80e9a78ba3c2c4cd10f81311c,"A boulder is heavier than a truck, which is heavier than..."
133,205,iteration,2025-10-24 10:59:04.184625,76a246b4d7c07ecce1e05b5d9798cfcc56859f46,"### ITERATION ###

# Please complete the function to iteratively calculate 
# the sum of the first n natural numbers
# Parameters: n - quantity of natural numbers to consider
def sumOfNaturalNumbers(n) -> int:

    # loop header (can do for or while loop)
    for     :
        # loop body


    # return statement


"
133,100,recursion,2025-10-24 11:03:23.761881,76a246b4d7c07ecce1e05b5d9798cfcc56859f46,"### RECURSION ###

# Please complete the function to recursively 
# calculate the nth Fibonacci number (i.e., 0, 1, 1, 2, 3, 5, 8...)
# Parameters: n - index for number in fibonacci sequence
def fibonacci(n) -> int:
    
    # Base case


    # Active flow


    # Passive flow




"
133,304,prose,2025-10-24 11:05:59.226694,33206e4341d564a80e9a78ba3c2c4cd10f81311c,"The sun is brighter than a lightning bolt, which is brighter than…"
133,101,recursion,2025-10-24 11:10:39.401160,76a246b4d7c07ecce1e05b5d9798cfcc56859f46,"### RECURSION ### 

# Please complete the function to recursively check if 
# a given string is a palindrome.  (i.e., 'racecar' <--> 'racecar')
# Parameters: string - string to be checked
#           start - index for beginning of subsequence
#             end - index for end of subsequence
def isPalindrome(string, start, end) -> bool:
    
    # Base case


    # Active flow



"
133,402,list,2025-10-24 11:11:47.401668,016ade8906a505ae38465a128f685f542c204d4f,Please list ~10 different types of vehicles.
133,403,list,2025-10-24 11:13:33.402048,016ade8906a505ae38465a128f685f542c204d4f,Please list ~10 different vegetables.
133,105,recursion,2025-10-24 11:21:36.611193,76a246b4d7c07ecce1e05b5d9798cfcc56859f46,"### RECURSION ###

# Please complete the function to recursively calculate 
# whether a given integer is a palindrome (i.e., 12321, 2442)
# --- Without converting it into a string --- 
# Parameters: x - integer to test
def is_num_palindrome(x) -> bool:


    # Base case
     
   
    # Active flow
    
"
133,409,list,2025-10-24 11:22:52.882077,016ade8906a505ae38465a128f685f542c204d4f,Please list ~10 different tools.
133,306,prose,2025-10-24 11:26:53.897596,33206e4341d564a80e9a78ba3c2c4cd10f81311c,"Lava is hotter than boiling water, which is hotter than…"
133,103,recursion,2025-10-24 11:31:09.911948,76a246b4d7c07ecce1e05b5d9798cfcc56859f46,"### RECURSION ### 

# Please complete the function to recursively reverse 
# a given string.
# Parameters: string - string to be reversed
#           start - index for beginning of subsequence
#             end - index for end of subsequence
def reverseString(string, start, end) -> str:

    # Base case


    # Active flow


    # Passive flow
       
"
133,104,recursion,2025-10-24 11:32:36.571292,76a246b4d7c07ecce1e05b5d9798cfcc56859f46,"### RECURSION ###

# Please complete the function to recursively calculate 
# the sum of the first n natural numbers
# Parameters: n - quantity of natural numbers to consider
def sumOfNaturalNumbers(n) -> int:
    
    # Base case


    # Active flow


    # Passive flow
    
"
133,200,iteration,2025-10-24 11:37:58.313680,76a246b4d7c07ecce1e05b5d9798cfcc56859f46,"### ITERATION ###                      

# Please complete the function to iteratively perform binary search. 
# Parameters: array - list to be searched, 
#                 x - integer to find
def binarySearch(array, x) -> bool:

    # loop header (can do for or while loop)
    for     : 
        # loop body
        
   

    # return statement

"
133,301,prose,2025-10-24 11:44:16.695086,33206e4341d564a80e9a78ba3c2c4cd10f81311c,"A paper clip is cheaper than a pencil, which is cheaper than…"
133,106,recursion,2025-10-24 11:49:50.593946,76a246b4d7c07ecce1e05b5d9798cfcc56859f46,"### RECURSION ###

# Please complete the function to recursively compute 
# whether the binary tree is symmetric 
# (i.e., the left subtree is a mirror-image of the right subtree)
# Parameters: root - TreeNode object of root node with fields: root.left, 
#       5                                                      root.right, 
#     3    3                                                   root.val
#    2  1 1  2
def is_symmetric(root) -> bool:
        
    # Base case
        

    # Active flow

"
133,401,list,2025-10-24 11:50:37.932974,016ade8906a505ae38465a128f685f542c204d4f,Please list ~10 different types of office supplies.
133,202,iteration,2025-10-24 11:53:00.480972,76a246b4d7c07ecce1e05b5d9798cfcc56859f46,"### ITERATION ###  

# Please complete the function to iteratively check 
# if a given string is a palindrome 
# (i.e., 'racecar' <--> 'racecar')
# Parameters: string - string to be checked
def isPalindrome(string) -> bool:

    # loop header (can do for or while loop)
    for    :
        # loop body
        
   

    # return statement


"
133,405,list,2025-10-24 11:53:57.777890,016ade8906a505ae38465a128f685f542c204d4f,Please list ~10 types of clothing.
203,200,iteration,2025-09-30 17:55:55.257719,76a246b4d7c07ecce1e05b5d9798cfcc56859f46,"### ITERATION ###                      

# Please complete the function to iteratively perform binary search. 
# Parameters: array - list to be searched, 
#                 x - integer to find
def binarySearch(array, x) -> bool:

    # loop header (can do for or while loop)
    for     : 
        # loop body
        
   

    # return statement

"
203,306,prose,2025-09-30 17:57:56.645707,33206e4341d564a80e9a78ba3c2c4cd10f81311c,"Lava is hotter than boiling water, which is hotter than…"
203,104,recursion,2025-09-30 18:02:10.770419,76a246b4d7c07ecce1e05b5d9798cfcc56859f46,"### RECURSION ###

# Please complete the function to recursively calculate 
# the sum of the first n natural numbers
# Parameters: n - quantity of natural numbers to consider
def sumOfNaturalNumbers(n) -> int:
    
    # Base case


    # Active flow


    # Passive flow
    
"
203,403,list,2025-09-30 18:13:30.393698,016ade8906a505ae38465a128f685f542c204d4f,Please list ~10 different vegetables.
203,402,list,2025-09-30 18:15:27.607169,016ade8906a505ae38465a128f685f542c204d4f,Please list ~10 different types of vehicles.
203,101,recursion,2025-09-30 18:23:07.852758,76a246b4d7c07ecce1e05b5d9798cfcc56859f46,"### RECURSION ### 

# Please complete the function to recursively check if 
# a given string is a palindrome.  (i.e., 'racecar' <--> 'racecar')
# Parameters: string - string to be checked
#           start - index for beginning of subsequence
#             end - index for end of subsequence
def isPalindrome(string, start, end) -> bool:
    
    # Base case


    # Active flow



"
203,409,list,2025-09-30 18:24:33.794626,016ade8906a505ae38465a128f685f542c204d4f,Please list ~10 different tools.
203,105,recursion,2025-09-30 18:26:09.780327,76a246b4d7c07ecce1e05b5d9798cfcc56859f46,"### RECURSION ###

# Please complete the function to recursively calculate 
# whether a given integer is a palindrome (i.e., 12321, 2442)
# --- Without converting it into a string --- 
# Parameters: x - integer to test
def is_num_palindrome(x) -> bool:


    # Base case
     
   
    # Active flow
    
"
203,307,prose,2025-09-30 18:30:19.148485,33206e4341d564a80e9a78ba3c2c4cd10f81311c,"A fan is quieter than a tea kettle, which is quieter than…"
203,302,prose,2025-09-30 18:32:23.721567,33206e4341d564a80e9a78ba3c2c4cd10f81311c,"A grain of sand is smaller than a grain of rice, which is smaller than..."
203,102,recursion,2025-09-30 18:39:12.683550,76a246b4d7c07ecce1e05b5d9798cfcc56859f46,"### RECURSION ###

# Please complete the function to recursively print 
# all permutations of a given string. 
# (i.e., 'ABC', 'ACB', 'BAC', 'BCA', 'CAB', 'CBA')
# Parameters: string - string to be permuted
#            left - index for beginning of subsequence
#           right - index for end of subsequence
def permute(string, left, right) -> None:
    
    # Base case


    # Active flow


    # Passive flow


"
203,401,list,2025-09-30 18:45:34.184930,016ade8906a505ae38465a128f685f542c204d4f,Please list ~10 different types of office supplies.
203,106,recursion,2025-09-30 18:51:14.290919,76a246b4d7c07ecce1e05b5d9798cfcc56859f46,"### RECURSION ###

# Please complete the function to recursively compute 
# whether the binary tree is symmetric 
# (i.e., the left subtree is a mirror-image of the right subtree)
# Parameters: root - TreeNode object of root node with fields: root.left, 
#       5                                                      root.right, 
#     3    3                                                   root.val
#    2  1 1  2
def is_symmetric(root) -> bool:
        
    # Base case
        

    # Active flow

"
203,301,prose,2025-09-30 18:53:47.485465,33206e4341d564a80e9a78ba3c2c4cd10f81311c,"A paper clip is cheaper than a pencil, which is cheaper than…"
203,405,list,2025-09-30 18:55:19.483272,016ade8906a505ae38465a128f685f542c204d4f,Please list ~10 types of clothing.
