112,pro_weight,300,109,2025-09-27 08:47:11.352076
112,pro_weight,300,109,2025-09-27 08:47:11.393677
112,pro_weight,300,109,2025-09-27 08:47:11.437421
112,pro_weight,300,109,2025-09-27 08:47:11.468718
112,pro_weight,300,109,2025-09-27 08:47:11.499839
112,pro_weight,300,109,2025-09-27 08:47:11.532344
112,pro_weight,300,109,2025-09-27 08:47:11.562198
112,pro_weight,300,109,2025-09-27 08:47:11.594217
112,pro_weight,300,109,2025-09-27 08:47:11.624629
112,pro_weight,300,109,2025-09-27 08:47:11.655513
112,pro_weight,300,109,2025-09-27 08:47:11.702044
112,pro_weight,300,109,2025-09-27 08:47:11.733253
112,pro_weight,300,109,2025-09-27 08:47:11.763421
112,pro_weight,300,109,2025-09-27 08:47:11.796063
112,pro_weight,300,109,2025-09-27 08:47:11.826363
112,pro_weight,300,109,2025-09-27 08:47:11.855822
112,pro_weight,300,109,2025-09-27 08:47:11.887233
112,pro_weight,300,109,2025-09-27 08:47:11.919651
112,pro_weight,300,109,2025-09-27 08:47:11.966276
112,pro_weight,300,109,2025-09-27 08:47:11.997805
112,pro_weight,300,109,2025-09-27 08:47:12.028319
112,pro_weight,300,109,2025-09-27 08:47:12.060161
112,pro_weight,300,109,2025-09-27 08:47:12.090398
112,pro_weight,300,109,2025-09-27 08:47:12.122026
112,pro_weight,300,109,2025-09-27 08:47:12.154071
112,pro_weight,300,109,2025-09-27 08:47:12.184997
112,pro_weight,300,109,2025-09-27 08:47:12.216111
112,pro_weight,300,109,2025-09-27 08:47:12.263476
112,pro_weight,300,109,2025-09-27 08:47:12.294392
112,pro_weight,300,109,2025-09-27 08:47:12.325137
112,pro_weight,300,109,2025-09-27 08:47:12.354878
112,pro_weight,300,109,2025-09-27 08:47:12.385420
112,pro_weight,300,109,2025-09-27 08:47:12.417019
112,pro_weight,300,109,2025-09-27 08:47:12.462742
112,pro_weight,300,109,2025-09-27 08:47:12.479846
112,pro_weight,300,109,2025-09-27 08:47:12.528081
112,pro_weight,300,109,2025-09-27 08:47:12.558315
112,pro_weight,300,109,2025-09-27 08:47:12.591093
112,pro_weight,300,109,2025-09-27 08:47:12.621493
112,pro_weight,300,109,2025-09-27 08:47:12.651456
112,pro_weight,300,109,2025-09-27 08:47:12.682411
112,pro_weight,300,109,2025-09-27 08:47:12.713138
112,pro_weight,300,109,2025-09-27 08:47:12.744324
112,pro_weight,300,109,2025-09-27 08:47:12.792809
112,pro_weight,300,109,2025-09-27 08:47:12.821295
112,pro_weight,300,109,2025-09-27 08:47:12.853091
112,pro_weight,300,109,2025-09-27 08:47:12.885075
112,pro_weight,300,109,2025-09-27 08:47:12.915625
112,pro_weight,300,109,2025-09-27 08:47:12.947480
112,pro_weight,300,109,2025-09-27 08:47:12.978823
112,pro_weight,300,109,2025-09-27 08:47:13.008198
112,pro_weight,300,109,2025-09-27 08:47:13.056689
112,pro_weight,300,109,2025-09-27 08:47:13.086453
112,pro_weight,300,109,2025-09-27 08:47:13.121952
112,pro_weight,300,109,2025-09-27 08:47:13.149476
112,pro_weight,300,109,2025-09-27 08:47:13.180441
112,pro_weight,300,109,2025-09-27 08:47:13.213090
112,pro_weight,300,109,2025-09-27 08:47:13.244516
112,pro_weight,300,109,2025-09-27 08:47:13.275301
112,pro_weight,300,109,2025-09-27 08:47:13.305160
112,pro_weight,300,109,2025-09-27 08:47:13.352599
112,pro_weight,300,109,2025-09-27 08:47:13.383715
112,pro_weight,300,109,2025-09-27 08:47:13.417605
112,pro_weight,300,109,2025-09-27 08:47:13.446311
112,pro_weight,300,109,2025-09-27 08:47:13.477191
112,pro_weight,300,109,2025-09-27 08:47:13.508089
112,pro_weight,300,109,2025-09-27 08:47:13.540600
112,pro_weight,300,109,2025-09-27 08:47:13.568916
112,pro_weight,300,109,2025-09-27 08:47:13.616313
112,pro_weight,300,109,2025-09-27 08:47:13.646398
112,pro_weight,300,109,2025-09-27 08:47:13.679529
112,pro_weight,300,109,2025-09-27 08:47:13.710179
112,pro_weight,300,109,2025-09-27 08:47:13.740547
112,pro_weight,300,109,2025-09-27 08:47:13.771868
112,pro_weight,300,109,2025-09-27 08:47:13.803254
112,pro_weight,300,109,2025-09-27 08:47:13.834005
112,pro_weight,300,109,2025-09-27 08:47:13.866585
112,pro_weight,300,109,2025-09-27 08:47:13.914288
112,pro_weight,300,109,2025-09-27 08:47:13.944207
112,pro_weight,300,109,2025-09-27 08:47:13.977094
112,pro_weight,300,109,2025-09-27 08:47:14.006467
112,pro_weight,300,109,2025-09-27 08:47:14.037982
112,pro_weight,300,109,2025-09-27 08:47:14.068970
112,pro_weight,300,109,2025-09-27 08:47:14.099539
112,pro_weight,300,109,2025-09-27 08:47:14.131798
112,pro_weight,300,109,2025-09-27 08:47:14.178104
112,pro_weight,300,109,2025-09-27 08:47:14.207755
112,pro_weight,300,109,2025-09-27 08:47:14.240094
112,pro_weight,300,109,2025-09-27 08:47:14.270557
112,pro_weight,300,109,2025-09-27 08:47:14.301335
112,pro_weight,300,109,2025-09-27 08:47:14.332463
112,pro_weight,300,109,2025-09-27 08:47:14.364334
112,pro_weight,300,109,2025-09-27 08:47:14.396347
112,pro_weight,300,109,2025-09-27 08:47:14.428628
112,pro_weight,300,109,2025-09-27 08:47:14.475451
112,pro_weight,300,109,2025-09-27 08:47:14.504625
112,pro_weight,300,109,2025-09-27 08:47:14.537233
112,pro_weight,300,109,2025-09-27 08:47:14.567139
112,pro_weight,300,109,2025-09-27 08:47:14.597998
112,pro_weight,300,109,2025-09-27 08:47:14.630216
112,pro_weight,300,109,2025-09-27 08:47:14.662613
112,pro_weight,300,109,2025-09-27 08:47:14.693698
112,pro_weight,300,109,2025-09-27 08:47:14.724263
112,pro_weight,300,109,2025-09-27 08:47:14.770615
112,pro_weight,300,109,2025-09-27 08:47:14.800684
112,pro_weight,300,109,2025-09-27 08:47:14.832881
112,pro_weight,300,109,2025-09-27 08:47:14.865128
112,pro_weight,300,109,2025-09-27 08:47:14.895640
112,pro_weight,300,109,2025-09-27 08:47:14.927598
112,pro_weight,300,109,2025-09-27 08:47:14.960423
112,pro_weight,300,109,2025-09-27 08:47:14.992516
112,pro_weight,300,109,2025-09-27 08:47:15.021811
112,pro_weight,300,109,2025-09-27 08:47:15.067786
112,pro_weight,300,109,2025-09-27 08:47:15.098467
112,pro_weight,300,109,2025-09-27 08:47:15.130185
112,pro_weight,300,109,2025-09-27 08:47:15.161112
112,pro_weight,300,109,2025-09-27 08:47:15.193249
112,pro_weight,300,109,2025-09-27 08:47:15.223001
112,pro_weight,300,109,2025-09-27 08:47:15.255227
112,pro_weight,300,109,2025-09-27 08:47:15.285188
112,pro_weight,300,109,2025-09-27 08:47:15.333353
112,pro_weight,300,109,2025-09-27 08:47:15.365371
112,pro_weight,300,109,2025-09-27 08:47:15.394667
112,pro_weight,300,109,2025-09-27 08:47:15.426057
112,pro_weight,300,109,2025-09-27 08:47:15.456974
112,pro_weight,300,109,2025-09-27 08:47:15.488444
112,pro_weight,300,109,2025-09-27 08:47:15.518676
112,pro_weight,300,109,2025-09-27 08:47:15.549923
112,pro_weight,300,109,2025-09-27 08:47:15.597551
112,pro_weight,300,109,2025-09-27 08:47:15.629402
112,pro_weight,300,109,2025-09-27 08:47:15.660925
112,pro_weight,300,109,2025-09-27 08:47:15.692211
112,pro_weight,300,109,2025-09-27 08:47:15.723627
112,pro_weight,300,109,2025-09-27 08:47:15.753364
112,pro_weight,300,109,2025-09-27 08:47:15.785299
112,pro_weight,300,109,2025-09-27 08:47:15.815486
112,pro_weight,300,109,2025-09-27 08:47:15.846442
112,pro_weight,300,109,2025-09-27 08:47:15.893245
112,pro_weight,300,109,2025-09-27 08:47:15.924214
112,pro_weight,300,109,2025-09-27 08:47:15.954337
112,pro_weight,300,109,2025-09-27 08:47:15.984563
112,pro_weight,300,109,2025-09-27 08:47:16.016600
112,pro_weight,300,109,2025-09-27 08:47:16.047236
112,pro_weight,300,109,2025-09-27 08:47:16.078199
112,pro_weight,300,109,2025-09-27 08:47:16.125852
112,pro_weight,300,109,2025-09-27 08:47:16.156122
112,pro_weight,300,109,2025-09-27 08:47:16.186177
112,pro_weight,300,109,2025-09-27 08:47:16.216902
112,pro_weight,300,109,2025-09-27 08:47:16.248195
112,pro_weight,300,109,2025-09-27 08:47:16.289620
112,pro_weight,300,109,2025-09-27 08:47:16.311272
112,pro_weight,300,109,2025-09-27 08:47:16.341913
112,pro_weight,300,109,2025-09-27 08:47:16.390777
112,pro_weight,300,109,2025-09-27 08:47:16.420496
112,pro_weight,300,109,2025-09-27 08:47:16.450296
112,pro_weight,300,109,2025-09-27 08:47:16.482355
112,pro_weight,300,109,2025-09-27 08:47:16.511905
112,pro_weight,300,8,2025-09-27 08:47:16.527936
112,pro_weight,300,109,2025-09-27 08:47:16.542115
112,pro_weight,300,109,2025-09-27 08:47:16.574542
112,pro_weight,300,109,2025-09-27 08:47:16.605648
112,pro_weight,300,109,2025-09-27 08:47:16.652555
112,pro_weight,300,109,2025-09-27 08:47:16.683305
112,pro_weight,300,8,2025-09-27 08:47:16.715469

112,pro_weight,300,109,2025-09-27 08:47:16.745205
112,pro_weight,300,109,2025-09-27 08:47:16.777041
112,pro_weight,300,109,2025-09-27 08:47:16.808903
112,pro_weight,300,109,2025-09-27 08:47:16.841291
112,pro_weight,300,109,2025-09-27 08:47:16.872403
112,pro_weight,300,109,2025-09-27 08:47:16.902253
112,pro_weight,300,109,2025-09-27 08:47:16.949208
112,pro_weight,300,109,2025-09-27 08:47:16.979877
112,pro_weight,300,109,2025-09-27 08:47:17.012008
112,pro_weight,300,109,2025-09-27 08:47:17.045080
112,pro_weight,300,109,2025-09-27 08:47:17.073816
112,pro_weight,300,109,2025-09-27 08:47:17.104427
112,pro_weight,300,109,2025-09-27 08:47:17.135838
112,pro_weight,300,109,2025-09-27 08:47:17.168374
112,pro_weight,300,109,2025-09-27 08:47:17.199570
112,pro_weight,300,109,2025-09-27 08:47:17.245745
112,pro_weight,300,109,2025-09-27 08:47:17.276136
112,pro_weight,300,109,2025-09-27 08:47:17.307661
112,pro_weight,300,8,2025-09-27 08:47:17.320753
112,pro_weight,300,109,2025-09-27 08:47:17.338209
112,pro_weight,300,109,2025-09-27 08:47:17.368417
112,pro_weight,300,109,2025-09-27 08:47:17.400251
112,pro_weight,300,109,2025-09-27 08:47:17.431242
112,pro_weight,300,109,2025-09-27 08:47:17.464198
112,pro_weight,300,8,2025-09-27 08:47:17.502121

112,pro_weight,300,109,2025-09-27 08:47:17.541526
112,pro_weight,300,109,2025-09-27 08:47:17.571315
112,pro_weight,300,109,2025-09-27 08:47:17.600809
112,pro_weight,300,109,2025-09-27 08:47:17.633251
112,pro_weight,300,109,2025-09-27 08:47:17.657391
112,pro_weight,300,109,2025-09-27 08:47:17.695722
112,pro_weight,300,109,2025-09-27 08:47:17.741443
112,pro_weight,300,109,2025-09-27 08:47:17.771746
112,pro_weight,300,109,2025-09-27 08:47:17.804677
112,pro_weight,300,109,2025-09-27 08:47:17.836265
112,pro_weight,300,109,2025-09-27 08:47:17.867764
112,pro_weight,300,109,2025-09-27 08:47:17.899865
112,pro_weight,300,109,2025-09-27 08:47:17.931875
112,pro_weight,300,109,2025-09-27 08:47:17.963620
112,pro_weight,300,109,2025-09-27 08:47:17.994450
112,pro_weight,300,109,2025-09-27 08:47:18.026381
112,pro_weight,300,109,2025-09-27 08:47:18.058585
112,pro_weight,300,109,2025-09-27 08:47:18.102348
112,pro_weight,300,109,2025-09-27 08:47:18.133481
112,pro_weight,300,109,2025-09-27 08:47:18.165896
112,pro_weight,300,109,2025-09-27 08:47:18.196322
112,pro_weight,300,109,2025-09-27 08:47:18.228041
112,pro_weight,300,109,2025-09-27 08:47:18.259257
112,pro_weight,300,109,2025-09-27 08:47:18.290729
112,pro_weight,300,109,2025-09-27 08:47:18.321265
112,pro_weight,300,109,2025-09-27 08:47:18.368917
112,pro_weight,300,109,2025-09-27 08:47:18.399818
112,pro_weight,300,109,2025-09-27 08:47:18.430273
112,pro_weight,300,109,2025-09-27 08:47:18.462553
112,pro_weight,300,109,2025-09-27 08:47:18.492927
112,pro_weight,300,109,2025-09-27 08:47:18.524361
112,pro_weight,300,109,2025-09-27 08:47:18.554107
112,pro_weight,300,109,2025-09-27 08:47:18.585254
112,pro_weight,300,109,2025-09-27 08:47:18.633111
112,pro_weight,300,109,2025-09-27 08:47:18.665048
112,pro_weight,300,109,2025-09-27 08:47:18.695213
112,pro_weight,300,109,2025-09-27 08:47:18.726611
112,pro_weight,300,109,2025-09-27 08:47:18.757683
112,pro_weight,300,109,2025-09-27 08:47:18.787497
112,pro_weight,300,109,2025-09-27 08:47:18.818263
112,pro_weight,300,109,2025-09-27 08:47:18.850207
112,pro_weight,300,109,2025-09-27 08:47:18.881291
112,pro_weight,300,109,2025-09-27 08:47:18.928859
112,pro_weight,300,109,2025-09-27 08:47:18.959297
112,pro_weight,300,109,2025-09-27 08:47:18.990746
112,pro_weight,300,109,2025-09-27 08:47:19.023542
112,pro_weight,300,109,2025-09-27 08:47:19.053701
112,pro_weight,300,109,2025-09-27 08:47:19.085664
112,pro_weight,300,109,2025-09-27 08:47:19.115638
112,pro_weight,300,109,2025-09-27 08:47:19.147626
112,pro_weight,300,109,2025-09-27 08:47:19.179381
112,pro_weight,300,109,2025-09-27 08:47:19.211824
112,pro_weight,300,109,2025-09-27 08:47:19.259413
112,pro_weight,300,109,2025-09-27 08:47:19.291144
112,pro_weight,300,8,2025-09-27 08:47:19.302810
112,pro_weight,300,109,2025-09-27 08:47:19.321309
112,pro_weight,300,109,2025-09-27 08:47:19.352300
112,pro_weight,300,109,2025-09-27 08:47:19.381875
112,pro_weight,300,109,2025-09-27 08:47:19.414000
112,pro_weight,300,8,2025-09-27 08:47:19.443040

112,pro_weight,300,109,2025-09-27 08:47:19.476387
112,pro_weight,300,109,2025-09-27 08:47:19.523808
112,pro_weight,300,109,2025-09-27 08:47:19.554644
112,pro_weight,300,109,2025-09-27 08:47:19.588400
112,pro_weight,300,109,2025-09-27 08:47:19.617057
112,pro_weight,300,109,2025-09-27 08:47:19.648234
112,pro_weight,300,109,2025-09-27 08:47:19.679818
112,pro_weight,300,109,2025-09-27 08:47:19.710614
112,pro_weight,300,8,2025-09-27 08:47:19.735885
112,pro_weight,300,109,2025-09-27 08:47:19.735885
112,pro_weight,300,109,2025-09-27 08:47:19.790484
112,pro_weight,300,109,2025-09-27 08:47:19.818524
112,pro_weight,300,109,2025-09-27 08:47:19.848962
112,pro_weight,300,109,2025-09-27 08:47:19.873943
112,pro_weight,300,8,2025-09-27 08:47:19.873943
112,pro_weight,300,109,2025-09-27 08:47:19.912358
112,pro_weight,300,109,2025-09-27 08:47:19.942302
112,pro_weight,300,109,2025-09-27 08:47:19.972575
112,pro_weight,300,109,2025-09-27 08:47:20.003166
112,pro_weight,300,109,2025-09-27 08:47:20.049957
112,pro_weight,300,109,2025-09-27 08:47:20.081836
112,pro_weight,300,109,2025-09-27 08:47:20.113523
112,pro_weight,300,109,2025-09-27 08:47:20.144309
112,pro_weight,300,109,2025-09-27 08:47:20.175341
112,pro_weight,300,109,2025-09-27 08:47:20.205833
112,pro_weight,300,109,2025-09-27 08:47:20.236765
112,pro_weight,300,109,2025-09-27 08:47:20.268109
112,pro_weight,300,109,2025-09-27 08:47:20.316310
112,pro_weight,300,109,2025-09-27 08:47:20.346339
112,pro_weight,300,109,2025-09-27 08:47:20.390313
112,pro_weight,300,109,2025-09-27 08:47:20.408483
112,pro_weight,300,109,2025-09-27 08:47:20.438911
112,pro_weight,300,8,2025-09-27 08:47:20.469873

112,pro_weight,300,8,2025-09-27 08:47:20.501795

112,pro_weight,300,109,2025-09-27 08:47:20.533374
112,pro_weight,300,8,2025-09-27 08:47:20.569315
112,pro_weight,300,109,2025-09-27 08:47:20.579681
112,pro_weight,300,109,2025-09-27 08:47:20.601526
112,pro_weight,300,109,2025-09-27 08:47:20.633623
112,pro_weight,300,8,2025-09-27 08:47:20.665104

112,pro_weight,300,8,2025-09-27 08:47:20.698404

112,pro_weight,300,8,2025-09-27 08:47:20.728414

112,pro_weight,300,109,2025-09-27 08:47:20.760392
112,pro_weight,300,8,2025-09-27 08:47:20.792398

112,pro_weight,300,8,2025-09-27 08:47:20.822378
112,pro_weight,300,109,2025-09-27 08:47:20.843860
112,pro_weight,300,8,2025-09-27 08:47:20.853298
112,pro_weight,300,109,2025-09-27 08:47:20.872991
112,pro_weight,300,109,2025-09-27 08:47:20.903838
112,pro_weight,300,109,2025-09-27 08:47:20.934435
112,pro_weight,300,109,2025-09-27 08:47:20.966375
112,pro_weight,300,109,2025-09-27 08:47:20.998849
112,pro_weight,300,8,2025-09-27 08:47:21.031915

112,pro_weight,300,109,2025-09-27 08:47:21.060539
112,pro_weight,300,109,2025-09-27 08:47:21.107411
112,pro_weight,300,109,2025-09-27 08:47:21.137968
112,pro_weight,300,109,2025-09-27 08:47:21.168580
112,pro_weight,300,109,2025-09-27 08:47:21.200401
112,pro_weight,300,109,2025-09-27 08:47:21.231675
112,pro_weight,300,109,2025-09-27 08:47:21.264051
112,pro_weight,300,109,2025-09-27 08:47:21.294936
112,pro_weight,300,109,2025-09-27 08:47:21.325499
112,pro_weight,300,109,2025-09-27 08:47:21.373074
112,pro_weight,300,109,2025-09-27 08:47:21.402360
112,pro_weight,300,109,2025-09-27 08:47:21.434349
112,pro_weight,300,109,2025-09-27 08:47:21.465799
112,pro_weight,300,8,2025-09-27 08:47:21.489970

112,pro_weight,300,109,2025-09-27 08:47:21.529153
112,pro_weight,300,109,2025-09-27 08:47:21.561239
112,pro_weight,300,109,2025-09-27 08:47:21.593439
112,pro_weight,300,109,2025-09-27 08:47:21.624279
112,pro_weight,300,109,2025-09-27 08:47:21.656993
112,pro_weight,300,109,2025-09-27 08:47:21.701429
112,pro_weight,300,109,2025-09-27 08:47:21.732678
112,pro_weight,300,109,2025-09-27 08:47:21.764883
112,pro_weight,300,109,2025-09-27 08:47:21.796384
112,pro_weight,300,109,2025-09-27 08:47:21.826245
112,pro_weight,300,109,2025-09-27 08:47:21.858729
112,pro_weight,300,109,2025-09-27 08:47:21.888713
112,pro_weight,300,109,2025-09-27 08:47:21.918555
112,pro_weight,300,109,2025-09-27 08:47:21.950080
112,pro_weight,300,109,2025-09-27 08:47:21.999109
112,pro_weight,300,109,2025-09-27 08:47:22.030707
112,pro_weight,300,109,2025-09-27 08:47:22.061447
112,pro_weight,300,109,2025-09-27 08:47:22.094461
112,pro_weight,300,109,2025-09-27 08:47:22.125513
112,pro_weight,300,109,2025-09-27 08:47:22.156813
112,pro_weight,300,109,2025-09-27 08:47:22.185754
112,pro_weight,300,8,2025-09-27 08:47:22.197045
112,pro_weight,300,109,2025-09-27 08:47:22.217107
112,pro_weight,300,109,2025-09-27 08:47:22.264787
112,pro_weight,300,109,2025-09-27 08:47:22.294391
112,pro_weight,300,109,2025-09-27 08:47:22.326605
112,pro_weight,300,109,2025-09-27 08:47:22.357338
112,pro_weight,300,109,2025-09-27 08:47:22.387566
112,pro_weight,300,109,2025-09-27 08:47:22.419941
112,pro_weight,300,109,2025-09-27 08:47:22.450857
112,pro_weight,300,109,2025-09-27 08:47:22.481595
112,pro_weight,300,109,2025-09-27 08:47:22.513379
112,pro_weight,300,109,2025-09-27 08:47:22.545721
112,pro_weight,300,109,2025-09-27 08:47:22.593167
112,pro_weight,300,109,2025-09-27 08:47:22.624169
112,pro_weight,300,109,2025-09-27 08:47:22.655954
112,pro_weight,300,109,2025-09-27 08:47:22.685076
112,pro_weight,300,109,2025-09-27 08:47:22.715388
112,pro_weight,300,109,2025-09-27 08:47:22.747902
112,pro_weight,300,109,2025-09-27 08:47:22.779423
112,pro_weight,300,109,2025-09-27 08:47:22.810906
112,pro_weight,300,109,2025-09-27 08:47:22.858851
112,pro_weight,300,109,2025-09-27 08:47:22.889138
112,pro_weight,300,109,2025-09-27 08:47:22.919717
112,pro_weight,300,109,2025-09-27 08:47:22.949903
112,pro_weight,300,109,2025-09-27 08:47:22.980973
112,pro_weight,300,109,2025-09-27 08:47:23.013385
112,pro_weight,300,17,2025-09-27 08:47:23.040064

112,pro_weight,300,109,2025-09-27 08:47:23.074182
112,pro_weight,300,109,2025-09-27 08:47:23.115541
112,pro_weight,300,109,2025-09-27 08:47:23.151821
112,pro_weight,300,109,2025-09-27 08:47:23.183789
112,pro_weight,300,109,2025-09-27 08:47:23.215117
112,pro_weight,300,109,2025-09-27 08:47:23.245833
112,pro_weight,300,109,2025-09-27 08:47:23.276555
112,pro_weight,300,109,2025-09-27 08:47:23.307624
112,pro_weight,300,109,2025-09-27 08:47:23.339774
112,pro_weight,300,109,2025-09-27 08:47:23.371484
112,pro_weight,300,109,2025-09-27 08:47:23.401725
112,pro_weight,300,109,2025-09-27 08:47:23.449409
112,pro_weight,300,109,2025-09-27 08:47:23.480515
112,pro_weight,300,109,2025-09-27 08:47:23.511451
112,pro_weight,300,109,2025-09-27 08:47:23.542337
112,pro_weight,300,109,2025-09-27 08:47:23.571307
112,pro_weight,300,109,2025-09-27 08:47:23.603766
112,pro_weight,300,109,2025-09-27 08:47:23.635922
112,pro_weight,300,109,2025-09-27 08:47:23.667890
112,pro_weight,300,109,2025-09-27 08:47:23.714952
112,pro_weight,300,109,2025-09-27 08:47:23.745039
112,pro_weight,300,109,2025-09-27 08:47:23.777079
112,pro_weight,300,109,2025-09-27 08:47:23.804528
112,pro_weight,300,67,2025-09-27 08:47:23.805528
112,pro_weight,300,109,2025-09-27 08:47:23.836594
112,pro_weight,300,109,2025-09-27 08:47:23.868851
112,pro_weight,300,109,2025-09-27 08:47:23.899441
112,pro_weight,300,109,2025-09-27 08:47:23.946734
112,pro_weight,300,109,2025-09-27 08:47:23.977431
112,pro_weight,300,109,2025-09-27 08:47:24.008998
112,pro_weight,300,109,2025-09-27 08:47:24.039841
112,pro_weight,300,109,2025-09-27 08:47:24.071496
112,pro_weight,300,109,2025-09-27 08:47:24.101568
112,pro_weight,300,109,2025-09-27 08:47:24.132671
112,pro_weight,300,109,2025-09-27 08:47:24.164506
112,pro_weight,300,109,2025-09-27 08:47:24.196841
112,pro_weight,300,109,2025-09-27 08:47:24.240945
112,pro_weight,300,109,2025-09-27 08:47:24.271714
112,pro_weight,300,109,2025-09-27 08:47:24.302961
112,pro_weight,300,109,2025-09-27 08:47:24.334863
112,pro_weight,300,109,2025-09-27 08:47:24.365448
112,pro_weight,300,109,2025-09-27 08:47:24.397670
112,pro_weight,300,109,2025-09-27 08:47:24.428497
112,pro_weight,300,109,2025-09-27 08:47:24.460558
112,pro_weight,300,109,2025-09-27 08:47:24.506179
112,pro_weight,300,109,2025-09-27 08:47:24.536383
112,pro_weight,300,109,2025-09-27 08:47:24.568521
112,pro_weight,300,109,2025-09-27 08:47:24.599578
112,pro_weight,300,109,2025-09-27 08:47:24.630481
112,pro_weight,300,109,2025-09-27 08:47:24.661204
112,pro_weight,300,109,2025-09-27 08:47:24.694173
112,pro_weight,300,109,2025-09-27 08:47:24.723707
112,pro_weight,300,109,2025-09-27 08:47:24.769896
112,pro_weight,300,109,2025-09-27 08:47:24.800241
112,pro_weight,300,109,2025-09-27 08:47:24.831900
112,pro_weight,300,109,2025-09-27 08:47:24.864497
112,pro_weight,300,109,2025-09-27 08:47:24.896097
112,pro_weight,300,109,2025-09-27 08:47:24.925666
112,pro_weight,300,109,2025-09-27 08:47:24.956199
112,pro_weight,300,109,2025-09-27 08:47:24.988630
112,pro_weight,300,109,2025-09-27 08:47:25.020682
112,pro_weight,300,109,2025-09-27 08:47:25.067568
112,pro_weight,300,109,2025-09-27 08:47:25.098757
112,pro_weight,300,109,2025-09-27 08:47:25.129656
112,pro_weight,300,109,2025-09-27 08:47:25.159859
112,pro_weight,300,109,2025-09-27 08:47:25.191194
112,pro_weight,300,109,2025-09-27 08:47:25.221859
112,pro_weight,300,109,2025-09-27 08:47:25.250981
112,pro_weight,300,109,2025-09-27 08:47:25.298518
112,pro_weight,300,109,2025-09-27 08:47:25.330512
112,pro_weight,300,8,2025-09-27 08:47:25.350486
112,pro_weight,300,109,2025-09-27 08:47:25.362995
112,pro_weight,300,109,2025-09-27 08:47:25.393331
112,pro_weight,300,109,2025-09-27 08:47:25.423984
112,pro_weight,300,109,2025-09-27 08:47:25.454748
112,pro_weight,300,109,2025-09-27 08:47:25.484228
112,pro_weight,300,8,2025-09-27 08:47:25.518726
112,pro_weight,300,109,2025-09-27 08:47:25.518726
112,pro_weight,300,109,2025-09-27 08:47:25.564178
112,pro_weight,300,109,2025-09-27 08:47:25.594439
112,pro_weight,300,109,2025-09-27 08:47:25.626315
112,pro_weight,300,109,2025-09-27 08:47:25.658840
112,pro_weight,300,109,2025-09-27 08:47:25.686526
112,pro_weight,300,109,2025-09-27 08:47:25.720014
112,pro_weight,300,109,2025-09-27 08:47:25.752576
112,pro_weight,300,109,2025-09-27 08:47:25.781361
112,pro_weight,300,109,2025-09-27 08:47:25.812051
112,pro_weight,300,109,2025-09-27 08:47:25.860134
112,pro_weight,300,109,2025-09-27 08:47:25.890162
112,pro_weight,300,109,2025-09-27 08:47:25.920217
112,pro_weight,300,109,2025-09-27 08:47:25.951923
112,pro_weight,300,109,2025-09-27 08:47:25.982637
112,pro_weight,300,109,2025-09-27 08:47:26.013556
112,pro_weight,300,109,2025-09-27 08:47:26.044498
112,pro_weight,300,109,2025-09-27 08:47:26.077116
112,pro_weight,300,109,2025-09-27 08:47:26.124420
112,pro_weight,300,109,2025-09-27 08:47:26.155878
112,pro_weight,300,109,2025-09-27 08:47:26.186788
112,pro_weight,300,109,2025-09-27 08:47:26.217901
112,pro_weight,300,109,2025-09-27 08:47:26.250955
112,pro_weight,300,109,2025-09-27 08:47:26.280669
112,pro_weight,300,109,2025-09-27 08:47:26.312012
112,pro_weight,300,109,2025-09-27 08:47:26.341741
112,pro_weight,300,109,2025-09-27 08:47:26.388124
112,pro_weight,300,109,2025-09-27 08:47:26.418843
112,pro_weight,300,109,2025-09-27 08:47:26.448712
112,pro_weight,300,109,2025-09-27 08:47:26.479357
112,pro_weight,300,109,2025-09-27 08:47:26.511024
112,pro_weight,300,109,2025-09-27 08:47:26.542346
112,pro_weight,300,109,2025-09-27 08:47:26.572526
112,pro_weight,300,109,2025-09-27 08:47:26.619164
112,pro_weight,300,109,2025-09-27 08:47:26.649325
112,pro_weight,300,109,2025-09-27 08:47:26.681615
112,pro_weight,300,109,2025-09-27 08:47:26.712490
112,pro_weight,300,109,2025-09-27 08:47:26.745264
112,pro_weight,300,109,2025-09-27 08:47:26.775513
112,pro_weight,300,109,2025-09-27 08:47:26.805595
112,pro_weight,300,109,2025-09-27 08:47:26.837528
112,pro_weight,300,109,2025-09-27 08:47:26.868566
112,pro_weight,300,109,2025-09-27 08:47:26.915077
112,pro_weight,300,109,2025-09-27 08:47:26.946605
112,pro_weight,300,109,2025-09-27 08:47:26.978268
112,pro_weight,300,109,2025-09-27 08:47:27.009961
112,pro_weight,300,109,2025-09-27 08:47:27.041135
112,pro_weight,300,109,2025-09-27 08:47:27.073523
112,pro_weight,300,109,2025-09-27 08:47:27.105044
112,pro_weight,300,109,2025-09-27 08:47:27.135964
112,pro_weight,300,109,2025-09-27 08:47:27.166373
112,pro_weight,300,109,2025-09-27 08:47:27.199196
112,pro_weight,300,109,2025-09-27 08:47:27.244682
112,pro_weight,300,109,2025-09-27 08:47:27.275841
112,pro_weight,300,109,2025-09-27 08:47:27.307183
112,pro_weight,300,109,2025-09-27 08:47:27.337070
112,pro_weight,300,109,2025-09-27 08:47:27.368464
112,pro_weight,300,109,2025-09-27 08:47:27.400541
112,pro_weight,300,109,2025-09-27 08:47:27.431875
112,pro_weight,300,109,2025-09-27 08:47:27.477490
112,pro_weight,300,109,2025-09-27 08:47:27.508169
112,pro_weight,300,109,2025-09-27 08:47:27.539889
112,pro_weight,300,109,2025-09-27 08:47:27.569226
112,pro_weight,300,109,2025-09-27 08:47:27.601538
112,pro_weight,300,109,2025-09-27 08:47:27.633645
112,pro_weight,300,109,2025-09-27 08:47:27.665954
112,pro_weight,300,109,2025-09-27 08:47:27.698120
112,pro_weight,300,109,2025-09-27 08:47:27.728948
112,pro_weight,300,109,2025-09-27 08:47:27.773561
112,pro_weight,300,109,2025-09-27 08:47:27.804638
112,pro_weight,300,109,2025-09-27 08:47:27.836587
112,pro_weight,300,109,2025-09-27 08:47:27.867925
112,pro_weight,300,109,2025-09-27 08:47:27.900685
112,pro_weight,300,8,2025-09-27 08:47:27.914881
112,pro_weight,300,109,2025-09-27 08:47:27.932660
112,pro_weight,300,109,2025-09-27 08:47:27.964358
112,pro_weight,300,109,2025-09-27 08:47:27.994351
112,pro_weight,300,109,2025-09-27 08:47:28.027262
112,pro_weight,300,109,2025-09-27 08:47:28.058389
112,pro_weight,300,109,2025-09-27 08:47:28.103062
112,pro_weight,300,109,2025-09-27 08:47:28.133736
112,pro_weight,300,109,2025-09-27 08:47:28.165079
112,pro_weight,300,109,2025-09-27 08:47:28.198154
112,pro_weight,300,109,2025-09-27 08:47:28.228911
112,pro_weight,300,109,2025-09-27 08:47:28.259329
112,pro_weight,300,109,2025-09-27 08:47:28.289268
112,pro_weight,300,109,2025-09-27 08:47:28.334881
112,pro_weight,300,109,2025-09-27 08:47:28.366674
112,pro_weight,300,109,2025-09-27 08:47:28.399144
112,pro_weight,300,109,2025-09-27 08:47:28.431034
112,pro_weight,300,109,2025-09-27 08:47:28.463469
112,pro_weight,300,109,2025-09-27 08:47:28.493838
112,pro_weight,300,109,2025-09-27 08:47:28.524378
112,pro_weight,300,8,2025-09-27 08:47:28.525383
112,pro_weight,300,109,2025-09-27 08:47:28.565650
112,pro_weight,300,8,2025-09-27 08:47:28.586596

112,pro_weight,300,8,2025-09-27 08:47:28.617644

112,pro_weight,300,8,2025-09-27 08:47:28.651760
112,pro_weight,300,109,2025-09-27 08:47:28.665298
112,pro_weight,300,8,2025-09-27 08:47:28.683528
112,pro_weight,300,109,2025-09-27 08:47:28.696089
112,pro_weight,300,109,2025-09-27 08:47:28.716519
112,pro_weight,300,8,2025-09-27 08:47:28.747784
112,pro_weight,300,109,2025-09-27 08:47:28.757644
112,pro_weight,300,109,2025-09-27 08:47:28.778019
112,pro_weight,300,8,2025-09-27 08:47:28.810815

112,pro_weight,300,8,2025-09-27 08:47:28.841739
112,pro_weight,300,109,2025-09-27 08:47:28.841739
112,pro_weight,300,8,2025-09-27 08:47:28.872861
112,pro_weight,300,109,2025-09-27 08:47:28.898513
112,pro_weight,300,109,2025-09-27 08:47:28.929331
112,pro_weight,300,109,2025-09-27 08:47:28.960208
112,pro_weight,300,8,2025-09-27 08:47:28.990784
112,pro_weight,300,109,2025-09-27 08:47:28.990784
112,pro_weight,300,109,2025-09-27 08:47:29.021163
112,pro_weight,300,109,2025-09-27 08:47:29.051625
112,pro_weight,300,109,2025-09-27 08:47:29.083678
112,pro_weight,300,109,2025-09-27 08:47:29.114637
112,pro_weight,300,109,2025-09-27 08:47:29.145068
112,pro_weight,300,8,2025-09-27 08:47:29.160576
112,pro_weight,300,109,2025-09-27 08:47:29.192473
112,pro_weight,300,109,2025-09-27 08:47:29.223686
112,pro_weight,300,109,2025-09-27 08:47:29.254565
112,pro_weight,300,109,2025-09-27 08:47:29.285365
112,pro_weight,300,109,2025-09-27 08:47:29.318004
112,pro_weight,300,109,2025-09-27 08:47:29.348290
112,pro_weight,300,109,2025-09-27 08:47:29.377352
112,pro_weight,300,109,2025-09-27 08:47:29.409937
112,pro_weight,300,109,2025-09-27 08:47:29.441243
112,pro_weight,300,109,2025-09-27 08:47:29.490036
112,pro_weight,300,109,2025-09-27 08:47:29.531227
112,pro_weight,300,109,2025-09-27 08:47:29.562524
112,pro_weight,300,109,2025-09-27 08:47:29.593521
112,pro_weight,300,109,2025-09-27 08:47:29.624740
112,pro_weight,300,109,2025-09-27 08:47:29.655699
112,pro_weight,300,109,2025-09-27 08:47:29.685704
112,pro_weight,300,109,2025-09-27 08:47:29.715921
112,pro_weight,300,109,2025-09-27 08:47:29.763694
112,pro_weight,300,109,2025-09-27 08:47:29.794636
112,pro_weight,300,109,2025-09-27 08:47:29.825618
112,pro_weight,300,109,2025-09-27 08:47:29.858668
112,pro_weight,300,8,2025-09-27 08:47:29.859667
112,pro_weight,300,109,2025-09-27 08:47:29.890154
112,pro_weight,300,109,2025-09-27 08:47:29.921251
112,pro_weight,300,109,2025-09-27 08:47:29.952988
112,pro_weight,300,109,2025-09-27 08:47:29.984136
112,pro_weight,300,109,2025-09-27 08:47:30.013692
112,pro_weight,300,8,2025-09-27 08:47:30.049174

112,pro_weight,300,109,2025-09-27 08:47:30.092871
112,pro_weight,300,109,2025-09-27 08:47:30.124081
112,pro_weight,300,109,2025-09-27 08:47:30.155768
112,pro_weight,300,109,2025-09-27 08:47:30.185327
112,pro_weight,300,109,2025-09-27 08:47:30.217626
112,pro_weight,300,109,2025-09-27 08:47:30.247179
112,pro_weight,300,109,2025-09-27 08:47:30.279846
112,pro_weight,300,109,2025-09-27 08:47:30.310928
112,pro_weight,300,109,2025-09-27 08:47:30.358123
112,pro_weight,300,109,2025-09-27 08:47:30.389596
112,pro_weight,300,109,2025-09-27 08:47:30.420593
112,pro_weight,300,109,2025-09-27 08:47:30.450884
112,pro_weight,300,109,2025-09-27 08:47:30.469827
112,pro_weight,300,109,2025-09-27 08:47:30.491333
112,pro_weight,300,109,2025-09-27 08:47:31.000336
112,pro_weight,300,109,2025-09-27 08:47:31.031710
112,pro_weight,300,109,2025-09-27 08:47:31.063170
112,pro_weight,300,109,2025-09-27 08:47:31.094000
112,pro_weight,300,109,2025-09-27 08:47:31.124243
112,pro_weight,300,109,2025-09-27 08:47:31.155921
112,pro_weight,300,109,2025-09-27 08:47:31.203491
112,pro_weight,300,109,2025-09-27 08:47:31.233984
112,pro_weight,300,109,2025-09-27 08:47:31.266100
112,pro_weight,300,109,2025-09-27 08:47:31.297267
112,pro_weight,300,109,2025-09-27 08:47:31.329189
112,pro_weight,300,109,2025-09-27 08:47:31.360621
112,pro_weight,300,109,2025-09-27 08:47:31.388670
112,pro_weight,300,109,2025-09-27 08:47:31.419229
112,pro_weight,300,109,2025-09-27 08:47:31.467807
112,pro_weight,300,109,2025-09-27 08:47:31.498901
112,pro_weight,300,109,2025-09-27 08:47:31.530674
112,pro_weight,300,109,2025-09-27 08:47:31.562683
112,pro_weight,300,109,2025-09-27 08:47:31.593732
112,pro_weight,300,109,2025-09-27 08:47:31.623779
112,pro_weight,300,109,2025-09-27 08:47:31.654561
112,pro_weight,300,109,2025-09-27 08:47:31.685493
112,pro_weight,300,109,2025-09-27 08:47:31.717476
112,pro_weight,300,109,2025-09-27 08:47:31.764756
112,pro_weight,300,109,2025-09-27 08:47:31.795817
112,pro_weight,300,109,2025-09-27 08:47:31.826800
112,pro_weight,300,109,2025-09-27 08:47:31.858978
112,pro_weight,300,109,2025-09-27 08:47:31.889640
112,pro_weight,300,109,2025-09-27 08:47:31.921906
112,pro_weight,300,109,2025-09-27 08:47:31.952933
112,pro_weight,300,109,2025-09-27 08:47:31.984915
112,pro_weight,300,109,2025-09-27 08:47:32.016056
112,pro_weight,300,109,2025-09-27 08:47:32.046109
112,pro_weight,300,109,2025-09-27 08:47:32.092748
112,pro_weight,300,109,2025-09-27 08:47:32.124927
112,pro_weight,300,109,2025-09-27 08:47:32.154692
112,pro_weight,300,109,2025-09-27 08:47:32.185698
112,pro_weight,300,109,2025-09-27 08:47:32.216711
112,pro_weight,300,109,2025-09-27 08:47:32.248715
112,pro_weight,300,109,2025-09-27 08:47:32.278629
112,pro_weight,300,109,2025-09-27 08:47:32.326065
112,pro_weight,300,109,2025-09-27 08:47:32.356178
112,pro_weight,300,109,2025-09-27 08:47:32.389131
112,pro_weight,300,109,2025-09-27 08:47:32.419619
112,pro_weight,300,109,2025-09-27 08:47:32.450848
112,pro_weight,300,109,2025-09-27 08:47:32.481868
112,pro_weight,300,109,2025-09-27 08:47:32.513466
112,pro_weight,300,109,2025-09-27 08:47:32.545194
112,pro_weight,300,109,2025-09-27 08:47:32.576032
112,pro_weight,300,109,2025-09-27 08:47:32.621520
112,pro_weight,300,109,2025-09-27 08:47:32.652242
112,pro_weight,300,109,2025-09-27 08:47:32.684119
112,pro_weight,300,109,2025-09-27 08:47:32.713962
112,pro_weight,300,109,2025-09-27 08:47:32.745134
112,pro_weight,300,109,2025-09-27 08:47:32.776786
112,pro_weight,300,109,2025-09-27 08:47:32.808054
112,pro_weight,300,109,2025-09-27 08:47:32.838238
112,pro_weight,300,109,2025-09-27 08:47:32.887747
112,pro_weight,300,109,2025-09-27 08:47:32.917661
112,pro_weight,300,109,2025-09-27 08:47:32.948675
112,pro_weight,300,109,2025-09-27 08:47:32.980308
112,pro_weight,300,109,2025-09-27 08:47:33.011032
112,pro_weight,300,109,2025-09-27 08:47:33.040352
112,pro_weight,300,109,2025-09-27 08:47:33.072209
112,pro_weight,300,109,2025-09-27 08:47:33.102166
112,pro_weight,300,109,2025-09-27 08:47:33.150452
112,pro_weight,300,109,2025-09-27 08:47:33.181416
112,pro_weight,300,109,2025-09-27 08:47:33.211774
112,pro_weight,300,109,2025-09-27 08:47:33.243426
112,pro_weight,300,109,2025-09-27 08:47:33.273730
112,pro_weight,300,109,2025-09-27 08:47:33.305418
112,pro_weight,300,109,2025-09-27 08:47:33.336370
112,pro_weight,300,109,2025-09-27 08:47:33.368332
112,pro_weight,300,109,2025-09-27 08:47:33.415168
112,pro_weight,300,109,2025-09-27 08:47:33.445146
112,pro_weight,300,109,2025-09-27 08:47:33.491055
112,pro_weight,300,109,2025-09-27 08:47:33.507741
112,pro_weight,300,109,2025-09-27 08:47:33.537687
112,pro_weight,300,109,2025-09-27 08:47:33.569472
112,pro_weight,300,109,2025-09-27 08:47:33.601383
112,pro_weight,300,109,2025-09-27 08:47:33.632725
112,pro_weight,300,109,2025-09-27 08:47:33.678368
112,pro_weight,300,109,2025-09-27 08:47:33.707838
112,pro_weight,300,109,2025-09-27 08:47:33.740549
112,pro_weight,300,109,2025-09-27 08:47:33.771909
112,pro_weight,300,109,2025-09-27 08:47:33.802686
112,pro_weight,300,109,2025-09-27 08:47:33.834899
112,pro_weight,300,109,2025-09-27 08:47:33.866749
112,pro_weight,300,109,2025-09-27 08:47:33.897637
112,pro_weight,300,109,2025-09-27 08:47:33.930801
112,pro_weight,300,109,2025-09-27 08:47:33.961241
112,pro_weight,300,109,2025-09-27 08:47:34.017497
112,pro_weight,300,109,2025-09-27 08:47:34.038765
112,pro_weight,300,109,2025-09-27 08:47:34.069686
112,pro_weight,300,109,2025-09-27 08:47:34.100034
112,pro_weight,300,109,2025-09-27 08:47:34.132028
112,pro_weight,300,109,2025-09-27 08:47:34.164824
112,pro_weight,300,109,2025-09-27 08:47:34.194274
112,pro_weight,300,109,2025-09-27 08:47:34.225409
112,pro_weight,300,109,2025-09-27 08:47:34.273052
112,pro_weight,300,109,2025-09-27 08:47:34.302758
112,pro_weight,300,109,2025-09-27 08:47:34.333863
112,pro_weight,300,109,2025-09-27 08:47:34.365623
112,pro_weight,300,109,2025-09-27 08:47:34.398866
112,pro_weight,300,109,2025-09-27 08:47:34.428761
112,pro_weight,300,109,2025-09-27 08:47:34.459285
112,pro_weight,300,109,2025-09-27 08:47:34.490657
112,pro_weight,300,109,2025-09-27 08:47:34.521690
112,pro_weight,300,109,2025-09-27 08:47:34.569456
112,pro_weight,300,109,2025-09-27 08:47:34.600593
112,pro_weight,300,109,2025-09-27 08:47:34.627156
112,pro_weight,300,109,2025-09-27 08:47:35.143049
112,pro_weight,300,109,2025-09-27 08:47:35.172325
112,pro_weight,300,109,2025-09-27 08:47:35.203788
112,pro_weight,300,109,2025-09-27 08:47:35.234600
112,pro_weight,300,109,2025-09-27 08:47:35.274865
112,pro_weight,300,109,2025-09-27 08:47:35.515822
112,pro_weight,300,109,2025-09-27 08:47:35.659735
112,pro_weight,300,109,2025-09-27 08:47:35.731608
112,pro_weight,300,109,2025-09-27 08:47:36.233340
112,pro_weight,300,109,2025-09-27 08:47:36.264743
112,pro_weight,300,109,2025-09-27 08:47:36.308144
112,pro_weight,300,109,2025-09-27 08:47:36.341673
112,pro_weight,300,109,2025-09-27 08:47:36.371913
112,pro_weight,300,109,2025-09-27 08:47:36.404151
112,pro_weight,300,109,2025-09-27 08:47:36.436310
112,pro_weight,300,109,2025-09-27 08:47:36.465900
112,pro_weight,300,109,2025-09-27 08:47:36.498154
112,pro_weight,300,109,2025-09-27 08:47:36.529866
112,pro_weight,300,109,2025-09-27 08:47:36.575230
112,pro_weight,300,109,2025-09-27 08:47:36.605922
112,pro_weight,300,109,2025-09-27 08:47:36.636571
112,pro_weight,300,109,2025-09-27 08:47:36.668577
112,pro_weight,300,109,2025-09-27 08:47:36.700506
112,pro_weight,300,109,2025-09-27 08:47:36.740536
112,pro_weight,300,109,2025-09-27 08:47:36.764770
112,pro_weight,300,109,2025-09-27 08:47:36.796043
112,pro_weight,300,109,2025-09-27 08:47:36.826423
112,pro_weight,300,109,2025-09-27 08:47:36.871923
112,pro_weight,300,109,2025-09-27 08:47:36.902836
112,pro_weight,300,109,2025-09-27 08:47:36.933817
112,pro_weight,300,109,2025-09-27 08:47:36.966348
112,pro_weight,300,109,2025-09-27 08:47:36.998478
112,pro_weight,300,109,2025-09-27 08:47:37.029856
112,pro_weight,300,109,2025-09-27 08:47:37.060579
112,pro_weight,300,109,2025-09-27 08:47:37.090282
112,pro_weight,300,109,2025-09-27 08:47:37.120401
112,pro_weight,300,109,2025-09-27 08:47:37.166950
112,pro_weight,300,109,2025-09-27 08:47:37.198715
112,pro_weight,300,109,2025-09-27 08:47:37.229902
112,pro_weight,300,109,2025-09-27 08:47:37.262041
112,pro_weight,300,109,2025-09-27 08:47:37.293320
112,pro_weight,300,109,2025-09-27 08:47:37.323167
112,pro_weight,300,109,2025-09-27 08:47:37.353432
112,pro_weight,300,109,2025-09-27 08:47:37.385240
112,pro_weight,300,109,2025-09-27 08:47:37.433708
112,pro_weight,300,8,2025-09-27 08:47:37.464378

112,pro_weight,300,109,2025-09-27 08:47:37.495863
112,pro_weight,300,109,2025-09-27 08:47:37.527782
112,pro_weight,300,109,2025-09-27 08:47:37.558266
112,pro_weight,300,109,2025-09-27 08:47:37.588344
112,pro_weight,300,8,2025-09-27 08:47:37.607322
112,pro_weight,300,109,2025-09-27 08:47:37.618671
112,pro_weight,300,109,2025-09-27 08:47:37.648464
112,pro_weight,300,109,2025-09-27 08:47:37.697172
112,pro_weight,300,109,2025-09-27 08:47:37.728503
112,pro_weight,300,8,2025-09-27 08:47:37.744042
112,pro_weight,300,109,2025-09-27 08:47:37.760389
112,pro_weight,300,109,2025-09-27 08:47:37.788440
112,pro_weight,300,109,2025-09-27 08:47:37.818923
112,pro_weight,300,109,2025-09-27 08:47:37.849891
112,pro_weight,300,109,2025-09-27 08:47:37.882553
112,pro_weight,300,109,2025-09-27 08:47:37.914246
112,pro_weight,300,109,2025-09-27 08:47:37.961297
112,pro_weight,300,109,2025-09-27 08:47:37.991888
112,pro_weight,300,109,2025-09-27 08:47:38.023560
112,pro_weight,300,109,2025-09-27 08:47:38.053913
112,pro_weight,300,109,2025-09-27 08:47:38.085997
112,pro_weight,300,109,2025-09-27 08:47:38.118241
112,pro_weight,300,109,2025-09-27 08:47:38.148164
112,pro_weight,300,109,2025-09-27 08:47:38.190975
112,pro_weight,300,109,2025-09-27 08:47:38.223027
112,pro_weight,300,109,2025-09-27 08:47:38.268632
112,pro_weight,300,109,2025-09-27 08:47:38.298286
112,pro_weight,300,109,2025-09-27 08:47:38.329413
112,pro_weight,300,109,2025-09-27 08:47:38.361926
112,pro_weight,300,109,2025-09-27 08:47:38.378508
112,pro_weight,300,109,2025-09-27 08:47:38.410204
112,pro_weight,300,109,2025-09-27 08:47:38.441450
112,pro_weight,300,109,2025-09-27 08:47:38.489860
112,pro_weight,300,109,2025-09-27 08:47:38.519054
112,pro_weight,300,109,2025-09-27 08:47:38.548416
112,pro_weight,300,109,2025-09-27 08:47:38.581610
112,pro_weight,300,109,2025-09-27 08:47:38.614579
112,pro_weight,300,109,2025-09-27 08:47:38.642748
112,pro_weight,300,109,2025-09-27 08:47:38.673168
112,pro_weight,300,109,2025-09-27 08:47:38.723287
112,pro_weight,300,109,2025-09-27 08:47:38.752579
112,pro_weight,300,109,2025-09-27 08:47:38.784182
112,pro_weight,300,109,2025-09-27 08:47:38.816236
112,pro_weight,300,109,2025-09-27 08:47:38.860750
112,pro_weight,300,109,2025-09-27 08:47:38.876975
112,pro_weight,300,109,2025-09-27 08:47:38.910375
112,pro_weight,300,109,2025-09-27 08:47:38.939912
112,pro_weight,300,109,2025-09-27 08:47:38.970194
112,pro_weight,300,109,2025-09-27 08:47:39.001927
112,pro_weight,300,109,2025-09-27 08:47:39.049472
112,pro_weight,300,109,2025-09-27 08:47:39.079116
112,pro_weight,300,109,2025-09-27 08:47:39.111014
112,pro_weight,300,109,2025-09-27 08:47:39.142030
112,pro_weight,300,109,2025-09-27 08:47:39.174115
112,pro_weight,300,109,2025-09-27 08:47:39.204498
112,pro_weight,300,109,2025-09-27 08:47:39.234522
112,pro_weight,300,109,2025-09-27 08:47:39.266490
112,pro_weight,300,109,2025-09-27 08:47:39.314100
112,pro_weight,300,109,2025-09-27 08:47:39.343912
112,pro_weight,300,109,2025-09-27 08:47:39.374839
112,pro_weight,300,109,2025-09-27 08:47:39.405047
112,pro_weight,300,109,2025-09-27 08:47:39.437025
112,pro_weight,300,109,2025-09-27 08:47:39.468861
112,pro_weight,300,109,2025-09-27 08:47:39.500953
112,pro_weight,300,109,2025-09-27 08:47:39.532339
112,pro_weight,300,109,2025-09-27 08:47:39.578852
112,pro_weight,300,109,2025-09-27 08:47:39.610936
112,pro_weight,300,109,2025-09-27 08:47:39.639949
112,pro_weight,300,109,2025-09-27 08:47:39.672579
112,pro_weight,300,109,2025-09-27 08:48:19.117183
112,pro_weight,300,109,2025-09-27 08:48:19.620296
112,pro_weight,300,109,2025-09-27 08:48:19.649987
112,pro_weight,300,109,2025-09-27 08:48:19.682854
112,pro_weight,300,109,2025-09-27 08:48:19.710901
112,pro_weight,300,109,2025-09-27 08:48:19.741644
112,pro_weight,300,109,2025-09-27 08:48:19.772836
112,pro_weight,300,109,2025-09-27 08:48:19.820040
112,pro_weight,300,109,2025-09-27 08:48:19.865302
112,pro_weight,300,109,2025-09-27 08:48:19.882550
112,pro_weight,300,109,2025-09-27 08:48:19.917110
112,pro_weight,300,109,2025-09-27 08:48:19.946796
112,pro_weight,300,109,2025-09-27 08:48:19.977956
112,pro_weight,300,109,2025-09-27 08:48:20.009122
112,pro_weight,300,109,2025-09-27 08:48:20.038552
112,pro_weight,300,109,2025-09-27 08:48:20.069765
112,pro_weight,300,109,2025-09-27 08:48:20.117858
112,pro_weight,300,109,2025-09-27 08:48:20.148556
112,pro_weight,300,109,2025-09-27 08:48:20.178131
112,pro_weight,300,109,2025-09-27 08:48:20.209974
112,pro_weight,300,109,2025-09-27 08:48:20.240542
112,pro_weight,300,109,2025-09-27 08:48:20.272201
112,pro_weight,300,109,2025-09-27 08:48:20.305246
112,pro_weight,300,109,2025-09-27 08:48:20.337081
112,pro_weight,300,109,2025-09-27 08:48:20.368301
112,pro_weight,300,109,2025-09-27 08:48:20.416036
112,pro_weight,300,109,2025-09-27 08:48:20.446439
112,pro_weight,300,109,2025-09-27 08:48:20.477145
112,pro_weight,300,109,2025-09-27 08:48:20.506829
112,pro_weight,300,109,2025-09-27 08:48:20.537781
112,pro_weight,300,109,2025-09-27 08:48:20.567711
112,pro_weight,300,109,2025-09-27 08:48:20.599862
112,pro_weight,300,109,2025-09-27 08:48:20.648270
112,pro_weight,300,109,2025-09-27 08:48:20.677994
112,pro_weight,300,109,2025-09-27 08:48:20.707794
112,pro_weight,300,109,2025-09-27 08:48:20.739888
112,pro_weight,300,109,2025-09-27 08:48:20.772008
112,pro_weight,300,109,2025-09-27 08:48:20.804064
112,pro_weight,300,109,2025-09-27 08:48:20.835314
112,pro_weight,300,109,2025-09-27 08:48:20.868097
112,pro_weight,300,109,2025-09-27 08:48:20.898540
112,pro_weight,300,109,2025-09-27 08:48:20.930798
112,pro_weight,300,109,2025-09-27 08:48:20.961658
112,pro_weight,300,109,2025-09-27 08:48:21.007832
112,pro_weight,300,109,2025-09-27 08:48:21.039290
112,pro_weight,300,109,2025-09-27 08:48:21.071372
112,pro_weight,300,109,2025-09-27 08:48:21.102364
112,pro_weight,300,109,2025-09-27 08:48:21.134293
112,pro_weight,300,109,2025-09-27 08:48:21.165238
112,pro_weight,300,109,2025-09-27 08:48:21.198299
112,pro_weight,300,109,2025-09-27 08:48:21.228954
112,pro_weight,300,109,2025-09-27 08:48:21.258872
112,pro_weight,300,109,2025-09-27 08:48:21.304720
112,pro_weight,300,109,2025-09-27 08:48:21.336199
112,pro_weight,300,109,2025-09-27 08:48:21.366503
112,pro_weight,300,109,2025-09-27 08:48:21.397447
112,pro_weight,300,109,2025-09-27 08:48:21.428832
112,pro_weight,300,109,2025-09-27 08:48:21.473437
112,pro_weight,300,109,2025-09-27 08:49:08.835496
112,pro_weight,300,109,2025-09-27 08:49:09.334854
112,pro_weight,300,109,2025-09-27 08:49:09.366270
112,pro_weight,300,109,2025-09-27 08:49:09.399911
112,pro_weight,300,109,2025-09-27 08:49:09.430357
112,pro_weight,300,109,2025-09-27 08:49:09.462023
112,pro_weight,300,109,2025-09-27 08:49:09.493805
112,pro_weight,300,109,2025-09-27 08:49:09.523885
112,pro_weight,300,109,2025-09-27 08:49:09.554840
112,pro_weight,300,109,2025-09-27 08:49:09.584595
112,pro_weight,300,109,2025-09-27 08:49:09.637651
112,pro_weight,300,109,2025-09-27 08:49:09.665859
112,pro_weight,300,109,2025-09-27 08:49:09.695706
112,pro_weight,300,109,2025-09-27 08:49:09.725889
112,pro_weight,300,109,2025-09-27 08:49:09.758063
112,pro_weight,300,109,2025-09-27 08:49:09.788932
112,pro_weight,300,109,2025-09-27 08:49:09.819859
112,pro_weight,300,109,2025-09-27 08:49:09.850380
112,pro_weight,300,109,2025-09-27 08:49:11.340334
112,pro_weight,300,109,2025-09-27 08:49:11.590215
112,pro_weight,300,109,2025-09-27 08:49:11.621132
112,pro_weight,300,109,2025-09-27 08:49:11.651483
112,pro_weight,300,109,2025-09-27 08:49:11.683481
112,pro_weight,300,109,2025-09-27 08:49:11.714679
112,pro_weight,300,109,2025-09-27 08:49:11.747555
112,pro_weight,300,109,2025-09-27 08:49:11.777205
112,pro_weight,300,109,2025-09-27 08:49:11.809373
112,pro_weight,300,109,2025-09-27 08:49:11.840415
112,pro_weight,300,109,2025-09-27 08:49:11.888158
112,pro_weight,300,109,2025-09-27 08:49:11.919737
112,pro_weight,300,109,2025-09-27 08:49:11.950490
112,pro_weight,300,109,2025-09-27 08:49:11.980200
112,pro_weight,300,109,2025-09-27 08:49:12.013301
112,pro_weight,300,109,2025-09-27 08:49:12.044513
112,pro_weight,300,109,2025-09-27 08:49:12.075125
112,pro_weight,300,109,2025-09-27 08:49:12.109284
112,pro_weight,300,109,2025-09-27 08:49:12.138142
112,pro_weight,300,109,2025-09-27 08:49:12.169275
112,pro_weight,300,109,2025-09-27 08:49:12.215852
112,pro_weight,300,109,2025-09-27 08:49:12.246948
112,pro_weight,300,109,2025-09-27 08:49:12.278549
112,pro_weight,300,109,2025-09-27 08:49:12.308909
112,pro_weight,300,109,2025-09-27 08:49:12.339494
112,pro_weight,300,109,2025-09-27 08:49:12.370050
112,pro_weight,300,109,2025-09-27 08:49:12.400543
112,pro_weight,300,109,2025-09-27 08:49:12.433529
112,pro_weight,300,109,2025-09-27 08:49:12.480137
112,pro_weight,300,109,2025-09-27 08:49:12.511639
112,pro_weight,300,109,2025-09-27 08:49:12.542985
112,pro_weight,300,109,2025-09-27 08:49:12.574142
112,pro_weight,300,109,2025-09-27 08:49:12.606046
112,pro_weight,300,109,2025-09-27 08:49:12.635504
112,pro_weight,300,109,2025-09-27 08:49:12.668470
112,pro_weight,300,109,2025-09-27 08:49:12.699137
112,pro_weight,300,109,2025-09-27 08:49:12.731146
112,pro_weight,300,109,2025-09-27 08:49:12.777944
112,pro_weight,300,109,2025-09-27 08:49:12.809337
112,pro_weight,300,109,2025-09-27 08:49:12.840327
112,pro_weight,300,109,2025-09-27 08:49:12.871387
112,pro_weight,300,109,2025-09-27 08:49:12.903024
112,pro_weight,300,109,2025-09-27 08:49:12.934985
112,pro_weight,300,109,2025-09-27 08:49:12.974501
112,pro_weight,300,109,2025-09-27 08:49:16.296947
112,pro_weight,300,109,2025-09-27 08:49:16.795320
112,pro_weight,300,109,2025-09-27 08:49:16.828141
112,pro_weight,300,109,2025-09-27 08:49:16.857947
112,pro_weight,300,109,2025-09-27 08:49:16.890200
112,pro_weight,300,109,2025-09-27 08:49:16.921213
112,pro_weight,300,109,2025-09-27 08:49:16.953543
112,pro_weight,300,109,2025-09-27 08:49:16.984067
112,pro_weight,300,109,2025-09-27 08:49:17.031926
112,pro_weight,300,109,2025-09-27 08:49:17.066258
112,pro_weight,300,109,2025-09-27 08:49:17.095640
112,pro_weight,300,109,2025-09-27 08:49:17.125750
112,pro_weight,300,109,2025-09-27 08:49:17.156442
112,pro_weight,300,109,2025-09-27 08:49:17.186706
112,pro_weight,300,109,2025-09-27 08:49:17.220456
112,pro_weight,300,109,2025-09-27 08:49:17.250968
112,pro_weight,300,109,2025-09-27 08:49:17.280590
112,pro_weight,300,109,2025-09-27 08:49:17.327376
112,pro_weight,300,109,2025-09-27 08:49:17.358537
112,pro_weight,300,109,2025-09-27 08:49:17.389550
112,pro_weight,300,109,2025-09-27 08:49:17.422332
112,pro_weight,300,109,2025-09-27 08:49:17.452089
112,pro_weight,300,109,2025-09-27 08:49:17.483983
112,pro_weight,300,109,2025-09-27 08:49:17.515064
112,pro_weight,300,109,2025-09-27 08:49:17.545979
112,pro_weight,300,109,2025-09-27 08:49:17.577478
112,pro_weight,300,109,2025-09-27 08:49:17.625228
112,pro_weight,300,109,2025-09-27 08:49:17.654678
112,pro_weight,300,109,2025-09-27 08:49:17.686505
112,pro_weight,300,109,2025-09-27 08:49:17.716544
112,pro_weight,300,109,2025-09-27 08:49:17.749435
112,pro_weight,300,109,2025-09-27 08:49:17.781701
112,pro_weight,300,109,2025-09-27 08:49:17.812266
112,pro_weight,300,109,2025-09-27 08:49:17.843263
112,pro_weight,300,109,2025-09-27 08:49:17.873356
112,pro_weight,300,8,2025-09-27 08:49:17.886291
112,pro_weight,300,109,2025-09-27 08:49:17.920221
112,pro_weight,300,109,2025-09-27 08:49:17.951059
112,pro_weight,300,109,2025-09-27 08:49:17.982772
112,pro_weight,300,109,2025-09-27 08:49:18.015089
112,pro_weight,300,109,2025-09-27 08:49:18.044480
112,pro_weight,300,8,2025-09-27 08:49:18.070491

112,pro_weight,300,109,2025-09-27 08:49:18.106493
112,pro_weight,300,109,2025-09-27 08:49:18.154790
112,pro_weight,300,109,2025-09-27 08:49:18.184784
112,pro_weight,300,109,2025-09-27 08:49:18.216084
112,pro_weight,300,109,2025-09-27 08:49:18.246663
112,pro_weight,300,109,2025-09-27 08:49:18.277274
112,pro_weight,300,109,2025-09-27 08:49:18.323699
112,pro_weight,300,109,2025-09-27 08:49:18.340409
112,pro_weight,300,109,2025-09-27 08:49:18.370980
112,pro_weight,300,109,2025-09-27 08:49:18.403698
112,pro_weight,300,109,2025-09-27 08:49:18.451834
112,pro_weight,300,109,2025-09-27 08:49:18.480033
112,pro_weight,300,109,2025-09-27 08:49:18.511871
112,pro_weight,300,109,2025-09-27 08:49:18.542191
112,pro_weight,300,109,2025-09-27 08:49:18.575002
112,pro_weight,300,109,2025-09-27 08:49:18.603203
112,pro_weight,300,109,2025-09-27 08:49:18.635266
112,pro_weight,300,109,2025-09-27 08:49:18.659172
112,pro_weight,300,8,2025-09-27 08:49:18.689937
112,pro_weight,300,109,2025-09-27 08:49:18.716367
112,pro_weight,300,109,2025-09-27 08:49:18.745739
112,pro_weight,300,109,2025-09-27 08:49:18.779268
112,pro_weight,300,109,2025-09-27 08:49:18.806736
112,pro_weight,300,109,2025-09-27 08:49:18.868857
112,pro_weight,300,109,2025-09-27 08:49:18.881851
112,pro_weight,300,109,2025-09-27 08:49:18.901566
112,pro_weight,300,109,2025-09-27 08:49:18.934113
112,pro_weight,300,109,2025-09-27 08:49:18.978900
112,pro_weight,300,109,2025-09-27 08:49:19.008497
112,pro_weight,300,109,2025-09-27 08:49:19.040150
112,pro_weight,300,109,2025-09-27 08:49:19.071207
112,pro_weight,300,109,2025-09-27 08:49:19.101465
112,pro_weight,300,109,2025-09-27 08:49:19.134175
112,pro_weight,300,109,2025-09-27 08:49:19.166100
112,pro_weight,300,109,2025-09-27 08:49:19.195176
112,pro_weight,300,109,2025-09-27 08:49:19.242698
112,pro_weight,300,109,2025-09-27 08:49:19.276401
112,pro_weight,300,109,2025-09-27 08:49:19.305631
112,pro_weight,300,109,2025-09-27 08:49:19.336140
112,pro_weight,300,109,2025-09-27 08:49:19.368607
112,pro_weight,300,109,2025-09-27 08:49:19.399717
112,pro_weight,300,109,2025-09-27 08:49:19.431098
112,pro_weight,300,109,2025-09-27 08:49:19.461241
112,pro_weight,300,109,2025-09-27 08:49:19.492816
112,pro_weight,300,109,2025-09-27 08:49:19.537298
112,pro_weight,300,109,2025-09-27 08:49:19.573313
112,pro_weight,300,109,2025-09-27 08:49:19.600765
112,pro_weight,300,109,2025-09-27 08:49:19.630452
112,pro_weight,300,109,2025-09-27 08:49:19.662656
112,pro_weight,300,109,2025-09-27 08:49:19.692207
112,pro_weight,300,109,2025-09-27 08:49:19.722621
112,pro_weight,300,109,2025-09-27 08:49:19.756743
112,pro_weight,300,109,2025-09-27 08:49:19.801396
112,pro_weight,300,109,2025-09-27 08:49:19.832733
112,pro_weight,300,109,2025-09-27 08:49:19.865000
112,pro_weight,300,109,2025-09-27 08:49:19.896410
112,pro_weight,300,109,2025-09-27 08:49:19.927097
112,pro_weight,300,109,2025-09-27 08:49:19.958003
112,pro_weight,300,109,2025-09-27 08:49:19.987938
112,pro_weight,300,109,2025-09-27 08:49:20.018958
112,pro_weight,300,109,2025-09-27 08:49:20.066906
112,pro_weight,300,109,2025-09-27 08:49:20.097642
112,pro_weight,300,109,2025-09-27 08:49:20.129215
112,pro_weight,300,109,2025-09-27 08:49:20.159830
112,pro_weight,300,109,2025-09-27 08:49:20.192390
112,pro_weight,300,109,2025-09-27 08:49:20.223569
112,pro_weight,300,109,2025-09-27 08:49:20.255384
112,pro_weight,300,109,2025-09-27 08:49:20.286379
112,pro_weight,300,109,2025-09-27 08:49:20.317290
112,pro_weight,300,109,2025-09-27 08:49:20.349243
112,pro_weight,300,109,2025-09-27 08:49:20.398383
112,pro_weight,300,109,2025-09-27 08:49:20.428134
112,pro_weight,300,109,2025-09-27 08:49:20.458328
112,pro_weight,300,109,2025-09-27 08:49:20.491097
112,pro_weight,300,109,2025-09-27 08:49:20.523635
112,pro_weight,300,109,2025-09-27 08:49:20.554303
112,pro_weight,300,109,2025-09-27 08:49:20.598680
112,pro_weight,300,109,2025-09-27 08:49:20.615619
112,pro_weight,300,109,2025-09-27 08:49:20.646105
112,pro_weight,300,109,2025-09-27 08:49:20.695092
112,pro_weight,300,109,2025-09-27 08:49:20.724364
112,pro_weight,300,109,2025-09-27 08:49:20.754642
112,pro_weight,300,109,2025-09-27 08:49:20.786227
112,pro_weight,300,109,2025-09-27 08:49:20.815332
112,pro_weight,300,109,2025-09-27 08:49:20.847316
112,pro_weight,300,109,2025-09-27 08:49:20.879754
112,pro_weight,300,109,2025-09-27 08:49:20.926533
112,pro_weight,300,109,2025-09-27 08:49:20.956680
112,pro_weight,300,109,2025-09-27 08:49:20.985431
112,pro_weight,300,109,2025-09-27 08:49:21.015948
112,pro_weight,300,109,2025-09-27 08:49:21.048043
112,pro_weight,300,109,2025-09-27 08:49:21.078951
112,pro_weight,300,109,2025-09-27 08:49:21.109981
112,pro_weight,300,109,2025-09-27 08:49:21.141425
112,pro_weight,300,109,2025-09-27 08:49:21.189031
112,pro_weight,300,109,2025-09-27 08:49:21.219888
112,pro_weight,300,109,2025-09-27 08:49:21.251763
112,pro_weight,300,109,2025-09-27 08:49:21.282779
112,pro_weight,300,109,2025-09-27 08:49:21.314623
112,pro_weight,300,109,2025-09-27 08:49:21.345390
112,pro_weight,300,109,2025-09-27 08:49:21.376247
112,pro_weight,300,109,2025-09-27 08:49:21.405819
112,pro_weight,300,109,2025-09-27 08:49:21.437267
112,pro_weight,300,109,2025-09-27 08:49:21.484026
112,pro_weight,300,109,2025-09-27 08:49:21.516276
112,pro_weight,300,109,2025-09-27 08:49:21.546548
112,pro_weight,300,109,2025-09-27 08:49:21.577748
112,pro_weight,300,109,2025-09-27 08:49:21.608959
112,pro_weight,300,109,2025-09-27 08:49:21.639365
112,pro_weight,300,109,2025-09-27 08:49:21.670635
112,pro_weight,300,109,2025-09-27 08:49:21.716888
112,pro_weight,300,109,2025-09-27 08:49:21.747987
112,pro_weight,300,109,2025-09-27 08:49:21.778722
112,pro_weight,300,109,2025-09-27 08:49:21.808707
112,pro_weight,300,109,2025-09-27 08:49:21.839789
112,pro_weight,300,109,2025-09-27 08:49:21.870542
112,pro_weight,300,109,2025-09-27 08:49:21.902268
112,pro_weight,300,109,2025-09-27 08:49:21.933587
112,pro_weight,300,109,2025-09-27 08:49:21.980052
112,pro_weight,300,109,2025-09-27 08:49:22.010149
112,pro_weight,300,109,2025-09-27 08:49:22.041980
112,pro_weight,300,109,2025-09-27 08:49:22.072272
112,pro_weight,300,109,2025-09-27 08:49:22.102743
112,pro_weight,300,109,2025-09-27 08:49:22.134848
112,pro_weight,300,109,2025-09-27 08:49:22.165328
112,pro_weight,300,109,2025-09-27 08:49:22.198211
112,pro_weight,300,109,2025-09-27 08:49:22.243927
112,pro_weight,300,109,2025-09-27 08:49:22.274787
112,pro_weight,300,109,2025-09-27 08:49:22.306856
112,pro_weight,300,109,2025-09-27 08:49:22.337739
112,pro_weight,300,109,2025-09-27 08:49:22.368283
112,pro_weight,300,109,2025-09-27 08:49:22.399803
112,pro_weight,300,109,2025-09-27 08:49:22.430976
112,pro_weight,300,109,2025-09-27 08:49:22.462687
112,pro_weight,300,109,2025-09-27 08:49:22.507694
112,pro_weight,300,109,2025-09-27 08:49:22.539133
112,pro_weight,300,109,2025-09-27 08:49:22.569578
112,pro_weight,300,109,2025-09-27 08:49:22.601731
112,pro_weight,300,66,2025-09-27 08:49:22.613502
112,pro_weight,300,67,2025-09-27 08:49:23.766102
112,pro_weight,300,32,2025-09-27 08:49:24.157598
112,pro_weight,300,86,2025-09-27 08:49:24.557769
112,pro_weight,300,67,2025-09-27 08:49:24.621762
112,pro_weight,300,66,2025-09-27 08:49:24.878441
112,pro_weight,300,67,2025-09-27 08:49:25.062469
112,pro_weight,300,86,2025-09-27 08:49:25.191054
112,pro_weight,300,66,2025-09-27 08:49:25.381435
112,pro_weight,300,8,2025-09-27 08:49:33.455963
112,pro_weight,300,8,2025-09-27 08:49:34.033303
112,pro_weight,300,8,2025-09-27 08:49:34.064254
112,pro_weight,300,8,2025-09-27 08:49:34.096491
112,pro_weight,300,8,2025-09-27 08:49:34.130508
112,pro_weight,300,8,2025-09-27 08:49:34.162986
112,pro_weight,300,8,2025-09-27 08:49:34.195854
112,pro_weight,300,8,2025-09-27 08:49:34.227873
112,pro_weight,300,8,2025-09-27 08:49:34.256375
112,pro_weight,300,17,2025-09-27 08:49:37.685659
112,pro_weight,300,77,2025-09-27 08:49:37.926689
112,pro_weight,300,109,2025-09-27 08:52:06.365083
112,pro_weight,300,109,2025-09-27 08:52:06.602423
112,pro_weight,300,109,2025-09-27 08:52:06.640704
112,pro_weight,300,109,2025-09-27 08:52:06.663344
112,pro_weight,300,109,2025-09-27 08:52:06.695136
112,pro_weight,300,109,2025-09-27 08:52:06.739257
112,pro_weight,300,109,2025-09-27 08:52:06.770261
112,pro_weight,300,109,2025-09-27 08:52:06.803230
112,pro_weight,300,109,2025-09-27 08:52:06.833692
112,pro_weight,300,109,2025-09-27 08:52:06.865691
112,pro_weight,300,109,2025-09-27 08:52:06.897527
112,pro_weight,300,109,2025-09-27 08:52:06.928193
112,pro_weight,300,109,2025-09-27 08:52:06.957994
112,pro_weight,300,109,2025-09-27 08:52:07.005043
112,pro_weight,300,109,2025-09-27 08:52:07.036039
112,pro_weight,300,109,2025-09-27 08:52:07.068552
112,pro_weight,300,109,2025-09-27 08:52:07.099082
112,pro_weight,300,109,2025-09-27 08:52:07.131193
112,pro_weight,300,109,2025-09-27 08:52:07.161282
112,pro_weight,300,109,2025-09-27 08:52:07.190588
112,pro_weight,300,109,2025-09-27 08:52:07.222699
112,pro_weight,300,109,2025-09-27 08:52:07.269892
112,pro_weight,300,109,2025-09-27 08:52:07.300211
112,pro_weight,300,109,2025-09-27 08:52:07.332712
112,pro_weight,300,109,2025-09-27 08:52:07.364396
112,pro_weight,300,109,2025-09-27 08:52:07.396225
112,pro_weight,300,109,2025-09-27 08:52:07.426039
112,pro_weight,300,109,2025-09-27 08:52:07.456996
112,pro_weight,300,109,2025-09-27 08:52:07.488167
112,pro_weight,300,109,2025-09-27 08:52:07.518700
112,pro_weight,300,109,2025-09-27 08:52:07.566951
112,pro_weight,300,109,2025-09-27 08:52:07.597834
112,pro_weight,300,109,2025-09-27 08:52:07.630052
112,pro_weight,300,109,2025-09-27 08:52:07.662339
112,pro_weight,300,109,2025-09-27 08:52:07.697700
112,pro_weight,300,109,2025-09-27 08:52:07.723282
112,pro_weight,300,109,2025-09-27 08:52:07.754290
112,pro_weight,300,109,2025-09-27 08:52:07.785229
112,pro_weight,300,109,2025-09-27 08:52:07.832238
112,pro_weight,300,109,2025-09-27 08:52:07.862710
112,pro_weight,300,109,2025-09-27 08:52:07.894278
112,pro_weight,300,109,2025-09-27 08:52:07.926111
112,pro_weight,300,109,2025-09-27 08:52:07.956949
112,pro_weight,300,109,2025-09-27 08:52:07.983824
112,pro_weight,300,8,2025-09-27 08:52:07.983824
112,pro_weight,300,109,2025-09-27 08:52:08.017291
112,pro_weight,300,109,2025-09-27 08:52:08.049321
112,pro_weight,300,109,2025-09-27 08:52:08.081690
112,pro_weight,300,109,2025-09-27 08:52:08.128175
112,pro_weight,300,109,2025-09-27 08:52:08.160071
112,pro_weight,300,8,2025-09-27 08:52:08.160071
112,pro_weight,300,109,2025-09-27 08:52:08.190440
112,pro_weight,300,109,2025-09-27 08:52:08.223713
112,pro_weight,300,109,2025-09-27 08:52:08.253296
112,pro_weight,300,109,2025-09-27 08:52:08.284510
112,pro_weight,300,109,2025-09-27 08:52:08.316510
112,pro_weight,300,109,2025-09-27 08:52:08.347034
112,pro_weight,300,109,2025-09-27 08:52:08.378694
112,pro_weight,300,109,2025-09-27 08:52:08.425760
112,pro_weight,300,109,2025-09-27 08:52:08.458984
112,pro_weight,300,109,2025-09-27 08:52:08.490320
112,pro_weight,300,109,2025-09-27 08:52:08.521790
112,pro_weight,300,109,2025-09-27 08:52:08.552793
112,pro_weight,300,109,2025-09-27 08:52:08.584845
112,pro_weight,300,109,2025-09-27 08:52:08.616780
112,pro_weight,300,109,2025-09-27 08:52:08.646827
112,pro_weight,300,109,2025-09-27 08:52:08.678656
112,pro_weight,300,109,2025-09-27 08:52:08.710836
112,pro_weight,300,109,2025-09-27 08:52:08.745056
112,pro_weight,300,109,2025-09-27 08:52:08.789832
112,pro_weight,300,8,2025-09-27 08:52:08.803779
112,pro_weight,300,109,2025-09-27 08:52:08.820053
112,pro_weight,300,109,2025-09-27 08:52:08.849765
112,pro_weight,300,109,2025-09-27 08:52:08.879988
112,pro_weight,300,109,2025-09-27 08:52:08.926253
112,pro_weight,300,109,2025-09-27 08:52:08.940891
112,pro_weight,300,8,2025-09-27 08:52:08.950903
112,pro_weight,300,109,2025-09-27 08:52:08.971327
112,pro_weight,300,109,2025-09-27 08:52:09.017508
112,pro_weight,300,109,2025-09-27 08:52:09.047355
112,pro_weight,300,109,2025-09-27 08:52:09.079387
112,pro_weight,300,8,2025-09-27 08:52:09.095113
112,pro_weight,300,109,2025-09-27 08:52:09.110610
112,pro_weight,300,109,2025-09-27 08:52:09.141145
112,pro_weight,300,109,2025-09-27 08:52:09.172783
112,pro_weight,300,109,2025-09-27 08:52:09.203482
112,pro_weight,300,109,2025-09-27 08:52:09.235786
112,pro_weight,300,109,2025-09-27 08:52:09.284022
112,pro_weight,300,109,2025-09-27 08:52:09.313582
112,pro_weight,300,109,2025-09-27 08:52:09.344756
112,pro_weight,300,109,2025-09-27 08:52:09.375395
112,pro_weight,300,109,2025-09-27 08:52:09.404540
112,pro_weight,300,109,2025-09-27 08:52:09.435197
112,pro_weight,300,109,2025-09-27 08:52:09.467163
112,pro_weight,300,109,2025-09-27 08:52:09.513462
112,pro_weight,300,109,2025-09-27 08:52:09.543652
112,pro_weight,300,109,2025-09-27 08:52:09.575656
112,pro_weight,300,109,2025-09-27 08:52:09.605135
112,pro_weight,300,109,2025-09-27 08:52:09.636425
112,pro_weight,300,109,2025-09-27 08:52:09.667220
112,pro_weight,300,109,2025-09-27 08:52:09.699231
112,pro_weight,300,109,2025-09-27 08:52:09.732210
112,pro_weight,300,109,2025-09-27 08:52:09.778390
112,pro_weight,300,109,2025-09-27 08:52:09.808070
112,pro_weight,300,109,2025-09-27 08:52:09.840655
112,pro_weight,300,109,2025-09-27 08:52:09.871224
112,pro_weight,300,109,2025-09-27 08:52:09.902291
112,pro_weight,300,109,2025-09-27 08:52:09.934963
112,pro_weight,300,109,2025-09-27 08:52:09.967818
112,pro_weight,300,109,2025-09-27 08:52:09.999099
112,pro_weight,300,109,2025-09-27 08:52:10.029442
112,pro_weight,300,109,2025-09-27 08:52:10.075299
112,pro_weight,300,109,2025-09-27 08:52:10.106060
112,pro_weight,300,109,2025-09-27 08:52:10.135798
112,pro_weight,300,109,2025-09-27 08:52:10.167643
112,pro_weight,300,109,2025-09-27 08:52:10.199765
112,pro_weight,300,109,2025-09-27 08:52:10.231396
112,pro_weight,300,109,2025-09-27 08:52:10.262490
112,pro_weight,300,109,2025-09-27 08:52:10.293642
112,pro_weight,300,109,2025-09-27 08:52:10.338097
112,pro_weight,300,109,2025-09-27 08:52:10.369703
112,pro_weight,300,109,2025-09-27 08:52:10.400823
112,pro_weight,300,109,2025-09-27 08:52:10.431802
112,pro_weight,300,109,2025-09-27 08:52:10.464107
112,pro_weight,300,109,2025-09-27 08:52:10.502924
112,pro_weight,300,109,2025-09-27 08:52:10.534770
112,pro_weight,300,109,2025-09-27 08:52:10.565436
112,pro_weight,300,109,2025-09-27 08:52:10.595190
112,pro_weight,300,109,2025-09-27 08:52:10.634159
112,pro_weight,300,109,2025-09-27 08:52:10.666267
112,pro_weight,300,109,2025-09-27 08:52:10.697311
112,pro_weight,300,109,2025-09-27 08:52:10.729417
112,pro_weight,300,109,2025-09-27 08:52:10.760137
112,pro_weight,300,109,2025-09-27 08:52:10.789742
112,pro_weight,300,109,2025-09-27 08:52:10.821305
112,pro_weight,300,109,2025-09-27 08:52:10.868597
112,pro_weight,300,109,2025-09-27 08:52:10.898616
112,pro_weight,300,109,2025-09-27 08:52:10.930521
112,pro_weight,300,109,2025-09-27 08:52:10.962376
112,pro_weight,300,109,2025-09-27 08:52:10.991890
112,pro_weight,300,109,2025-09-27 08:52:11.023588
112,pro_weight,300,109,2025-09-27 08:52:11.055426
112,pro_weight,300,109,2025-09-27 08:52:11.085326
112,pro_weight,300,109,2025-09-27 08:52:11.116784
112,pro_weight,300,109,2025-09-27 08:52:11.165105
112,pro_weight,300,109,2025-09-27 08:52:11.196202
112,pro_weight,300,109,2025-09-27 08:52:11.228106
112,pro_weight,300,109,2025-09-27 08:52:11.259521
112,pro_weight,300,109,2025-09-27 08:52:11.292078
112,pro_weight,300,109,2025-09-27 08:52:11.322840
112,pro_weight,300,109,2025-09-27 08:52:11.352446
112,pro_weight,300,109,2025-09-27 08:52:11.383241
112,pro_weight,300,109,2025-09-27 08:52:11.414073
112,pro_weight,300,109,2025-09-27 08:52:11.463117
112,pro_weight,300,109,2025-09-27 08:52:11.491296
112,pro_weight,300,109,2025-09-27 08:52:11.521904
112,pro_weight,300,109,2025-09-27 08:52:11.552828
112,pro_weight,300,109,2025-09-27 08:52:11.583659
112,pro_weight,300,109,2025-09-27 08:52:11.613461
112,pro_weight,300,109,2025-09-27 08:52:11.646438
112,pro_weight,300,109,2025-09-27 08:52:11.678047
112,pro_weight,300,109,2025-09-27 08:52:11.726455
112,pro_weight,300,109,2025-09-27 08:52:11.758464
112,pro_weight,300,109,2025-09-27 08:52:11.788418
112,pro_weight,300,109,2025-09-27 08:52:11.819428
112,pro_weight,300,109,2025-09-27 08:52:11.849464
112,pro_weight,300,109,2025-09-27 08:52:11.881429
112,pro_weight,300,109,2025-09-27 08:52:11.913483
112,pro_weight,300,109,2025-09-27 08:52:11.945529
112,pro_weight,300,109,2025-09-27 08:52:11.975852
112,pro_weight,300,109,2025-09-27 08:52:12.013285
112,pro_weight,300,109,2025-09-27 08:52:12.054580
112,pro_weight,300,109,2025-09-27 08:52:12.084923
112,pro_weight,300,109,2025-09-27 08:52:12.117583
112,pro_weight,300,109,2025-09-27 08:52:12.148677
112,pro_weight,300,109,2025-09-27 08:52:12.178628
112,pro_weight,300,109,2025-09-27 08:52:12.210809
112,pro_weight,300,109,2025-09-27 08:52:12.241836
112,pro_weight,300,109,2025-09-27 08:52:12.271842
112,pro_weight,300,109,2025-09-27 08:52:12.303563
112,pro_weight,300,109,2025-09-27 08:52:12.350571
112,pro_weight,300,109,2025-09-27 08:52:12.380488
112,pro_weight,300,109,2025-09-27 08:52:12.412503
112,pro_weight,300,109,2025-09-27 08:52:12.442938
112,pro_weight,300,109,2025-09-27 08:52:12.473570
112,pro_weight,300,109,2025-09-27 08:52:12.504866
112,pro_weight,300,109,2025-09-27 08:52:12.536865
112,pro_weight,300,109,2025-09-27 08:52:12.583884
112,pro_weight,300,109,2025-09-27 08:52:12.613655
112,pro_weight,300,109,2025-09-27 08:52:12.645603
112,pro_weight,300,109,2025-09-27 08:52:12.674767
112,pro_weight,300,109,2025-09-27 08:52:12.706288
112,pro_weight,300,109,2025-09-27 08:52:12.736869
112,pro_weight,300,109,2025-09-27 08:52:12.769128
112,pro_weight,300,109,2025-09-27 08:52:12.799194
112,pro_weight,300,109,2025-09-27 08:52:12.846413
112,pro_weight,300,109,2025-09-27 08:52:12.877979
112,pro_weight,300,109,2025-09-27 08:52:12.907884
112,pro_weight,300,109,2025-09-27 08:52:12.938675
112,pro_weight,300,109,2025-09-27 08:52:12.971516
112,pro_weight,300,109,2025-09-27 08:52:13.002564
112,pro_weight,300,109,2025-09-27 08:52:13.033401
112,pro_weight,300,109,2025-09-27 08:52:13.064520
112,pro_weight,300,109,2025-09-27 08:52:13.110633
112,pro_weight,300,109,2025-09-27 08:52:13.141728
112,pro_weight,300,109,2025-09-27 08:52:13.173701
112,pro_weight,300,109,2025-09-27 08:52:13.202635
112,pro_weight,300,109,2025-09-27 08:52:13.234521
112,pro_weight,300,109,2025-09-27 08:52:13.265751
112,pro_weight,300,109,2025-09-27 08:52:13.298433
112,pro_weight,300,109,2025-09-27 08:52:13.329595
112,pro_weight,300,109,2025-09-27 08:52:13.377099
112,pro_weight,300,109,2025-09-27 08:52:13.407064
112,pro_weight,300,109,2025-09-27 08:52:13.437836
112,pro_weight,300,109,2025-09-27 08:52:13.469302
112,pro_weight,300,109,2025-09-27 08:52:13.501539
112,pro_weight,300,109,2025-09-27 08:52:13.532508
112,pro_weight,300,109,2025-09-27 08:52:13.566156
112,pro_weight,300,109,2025-09-27 08:52:13.596466
112,pro_weight,300,109,2025-09-27 08:52:13.628062
112,pro_weight,300,109,2025-09-27 08:52:13.658997
112,pro_weight,300,109,2025-09-27 08:52:13.692179
112,pro_weight,300,109,2025-09-27 08:52:15.044718
112,pro_weight,300,109,2025-09-27 08:52:17.634432
112,pro_weight,300,109,2025-09-27 08:52:17.647076
112,pro_weight,300,109,2025-09-27 08:52:17.660607
112,pro_weight,300,109,2025-09-27 08:52:17.671099
112,pro_weight,300,109,2025-09-27 08:52:17.682579
112,pro_weight,300,109,2025-09-27 08:52:17.696264
112,pro_weight,300,109,2025-09-27 08:52:17.707096
112,pro_weight,300,109,2025-09-27 08:52:17.718243
112,pro_weight,300,109,2025-09-27 08:52:17.731265
112,pro_weight,300,109,2025-09-27 08:52:17.743132
112,pro_weight,300,109,2025-09-27 08:52:17.756595
112,pro_weight,300,109,2025-09-27 08:52:17.767174
112,pro_weight,300,109,2025-09-27 08:52:17.779096
112,pro_weight,300,109,2025-09-27 08:52:17.791851
112,pro_weight,300,109,2025-09-27 08:52:17.802637
112,pro_weight,300,109,2025-09-27 08:52:17.814908
112,pro_weight,300,109,2025-09-27 08:52:17.827440
112,pro_weight,300,109,2025-09-27 08:52:17.839096
112,pro_weight,300,109,2025-09-27 08:52:17.851125
112,pro_weight,300,109,2025-09-27 08:52:17.864273
112,pro_weight,300,109,2025-09-27 08:52:17.876489
112,pro_weight,300,109,2025-09-27 08:52:17.890330
112,pro_weight,300,109,2025-09-27 08:52:17.901093
112,pro_weight,300,109,2025-09-27 08:52:17.913315
112,pro_weight,300,109,2025-09-27 08:52:17.925343
112,pro_weight,300,109,2025-09-27 08:52:17.937124
112,pro_weight,300,109,2025-09-27 08:52:17.948602
112,pro_weight,300,109,2025-09-27 08:52:17.961811
112,pro_weight,300,109,2025-09-27 08:52:17.973099
112,pro_weight,300,109,2025-09-27 08:52:17.984820
112,pro_weight,300,109,2025-09-27 08:52:17.997173
112,pro_weight,300,109,2025-09-27 08:52:18.007601
112,pro_weight,300,109,2025-09-27 08:52:18.021146
112,pro_weight,300,109,2025-09-27 08:52:18.033103
112,pro_weight,300,109,2025-09-27 08:52:18.045643
112,pro_weight,300,109,2025-09-27 08:52:18.057149
112,pro_weight,300,109,2025-09-27 08:52:18.069090
112,pro_weight,300,109,2025-09-27 08:52:18.082313
112,pro_weight,300,109,2025-09-27 08:52:18.095141
112,pro_weight,300,109,2025-09-27 08:52:18.106968
112,pro_weight,300,109,2025-09-27 08:52:18.119141
112,pro_weight,300,109,2025-09-27 08:52:18.132107
112,pro_weight,300,109,2025-09-27 08:52:18.144603
112,pro_weight,300,109,2025-09-27 08:52:18.156636
112,pro_weight,300,109,2025-09-27 08:52:18.167102
112,pro_weight,300,109,2025-09-27 08:52:18.179501
112,pro_weight,300,109,2025-09-27 08:52:18.192147
112,pro_weight,300,109,2025-09-27 08:52:18.203316
112,pro_weight,300,109,2025-09-27 08:52:18.215343
112,pro_weight,300,109,2025-09-27 08:52:18.227429
112,pro_weight,300,109,2025-09-27 08:52:18.239130
112,pro_weight,300,109,2025-09-27 08:52:18.251597
112,pro_weight,300,109,2025-09-27 08:52:18.264103
112,pro_weight,300,109,2025-09-27 08:52:18.276635
112,pro_weight,300,109,2025-09-27 08:52:18.289608
112,pro_weight,300,109,2025-09-27 08:52:18.301197
112,pro_weight,300,109,2025-09-27 08:52:18.313583
112,pro_weight,300,109,2025-09-27 08:52:18.327114
112,pro_weight,300,109,2025-09-27 08:52:18.339944
112,pro_weight,300,109,2025-09-27 08:52:18.350146
112,pro_weight,300,109,2025-09-27 08:52:18.363250
112,pro_weight,300,109,2025-09-27 08:52:18.375166
112,pro_weight,300,109,2025-09-27 08:52:18.385940
112,pro_weight,300,109,2025-09-27 08:52:18.397644
112,pro_weight,300,109,2025-09-27 08:52:18.410671
112,pro_weight,300,109,2025-09-27 08:52:18.422108
112,pro_weight,300,109,2025-09-27 08:52:18.434414
112,pro_weight,300,109,2025-09-27 08:52:18.445101
112,pro_weight,300,109,2025-09-27 08:52:18.458157
112,pro_weight,300,109,2025-09-27 08:52:18.470106
112,pro_weight,300,109,2025-09-27 08:52:18.483084
112,pro_weight,300,109,2025-09-27 08:52:18.495426
112,pro_weight,300,109,2025-09-27 08:52:18.507069
112,pro_weight,300,109,2025-09-27 08:52:18.518606
112,pro_weight,300,109,2025-09-27 08:52:18.531554
112,pro_weight,300,109,2025-09-27 08:52:18.543589
112,pro_weight,300,109,2025-09-27 08:52:18.554153
112,pro_weight,300,109,2025-09-27 08:52:18.566320
112,pro_weight,300,109,2025-09-27 08:52:18.578605
112,pro_weight,300,109,2025-09-27 08:52:18.590298
112,pro_weight,300,109,2025-09-27 08:52:18.601887
112,pro_weight,300,109,2025-09-27 08:52:18.614112
112,pro_weight,300,109,2025-09-27 08:52:18.626584
112,pro_weight,300,109,2025-09-27 08:52:18.639131
112,pro_weight,300,109,2025-09-27 08:52:18.650188
112,pro_weight,300,109,2025-09-27 08:52:18.664287
112,pro_weight,300,109,2025-09-27 08:52:18.676176
112,pro_weight,300,109,2025-09-27 08:52:18.688466
112,pro_weight,300,109,2025-09-27 08:52:18.700238
112,pro_weight,300,109,2025-09-27 08:52:18.712203
112,pro_weight,300,109,2025-09-27 08:52:18.724642
112,pro_weight,300,109,2025-09-27 08:52:18.736332
112,pro_weight,300,109,2025-09-27 08:52:18.748464
112,pro_weight,300,109,2025-09-27 08:52:18.760649
112,pro_weight,300,109,2025-09-27 08:52:18.770688
112,pro_weight,300,109,2025-09-27 08:52:18.783144
112,pro_weight,300,109,2025-09-27 08:52:18.795111
112,pro_weight,300,109,2025-09-27 08:52:18.808138
112,pro_weight,300,109,2025-09-27 08:52:18.818609
112,pro_weight,300,109,2025-09-27 08:52:18.831592
112,pro_weight,300,109,2025-09-27 08:52:18.843452
112,pro_weight,300,109,2025-09-27 08:52:18.857239
112,pro_weight,300,109,2025-09-27 08:52:18.869272
112,pro_weight,300,109,2025-09-27 08:52:18.881329
112,pro_weight,300,109,2025-09-27 08:52:18.893222
112,pro_weight,300,109,2025-09-27 08:52:18.917539
112,pro_weight,300,109,2025-09-27 08:52:18.930643
112,pro_weight,300,109,2025-09-27 08:52:18.942410
112,pro_weight,300,109,2025-09-27 08:52:18.953634
112,pro_weight,300,109,2025-09-27 08:52:18.965128
112,pro_weight,300,109,2025-09-27 08:52:18.976854
112,pro_weight,300,109,2025-09-27 08:52:18.988932
112,pro_weight,300,109,2025-09-27 08:52:19.000135
112,pro_weight,300,109,2025-09-27 08:52:19.016852
112,pro_weight,300,109,2025-09-27 08:52:19.046330
112,pro_weight,300,109,2025-09-27 08:52:19.076815
112,pro_weight,300,109,2025-09-27 08:52:19.109010
112,pro_weight,300,109,2025-09-27 08:52:19.140620
112,pro_weight,300,109,2025-09-27 08:52:19.171641
112,pro_weight,300,109,2025-09-27 08:52:19.203524
112,pro_weight,300,109,2025-09-27 08:52:19.249543
112,pro_weight,300,109,2025-09-27 08:52:19.281626
112,pro_weight,300,109,2025-09-27 08:52:19.313604
112,pro_weight,300,109,2025-09-27 08:52:19.343263
112,pro_weight,300,109,2025-09-27 08:52:19.376023
112,pro_weight,300,109,2025-09-27 08:52:19.405998
112,pro_weight,300,109,2025-09-27 08:52:19.438723
112,pro_weight,300,109,2025-09-27 08:52:19.469098
112,pro_weight,300,109,2025-09-27 08:52:19.500575
112,pro_weight,300,109,2025-09-27 08:52:19.532491
112,pro_weight,300,109,2025-09-27 08:52:19.580653
112,pro_weight,300,109,2025-09-27 08:52:19.610427
112,pro_weight,300,109,2025-09-27 08:52:19.641411
112,pro_weight,300,109,2025-09-27 08:52:19.672045
112,pro_weight,300,109,2025-09-27 08:52:19.702330
112,pro_weight,300,109,2025-09-27 08:52:19.732571
112,pro_weight,300,109,2025-09-27 08:52:19.765304
112,pro_weight,300,109,2025-09-27 08:52:19.797626
112,pro_weight,300,109,2025-09-27 08:52:19.843374
112,pro_weight,300,109,2025-09-27 08:52:19.873016
112,pro_weight,300,109,2025-09-27 08:52:19.904817
112,pro_weight,300,109,2025-09-27 08:52:19.934514
112,pro_weight,300,109,2025-09-27 08:52:19.967736
112,pro_weight,300,109,2025-09-27 08:52:19.997834
112,pro_weight,300,109,2025-09-27 08:52:20.029198
112,pro_weight,300,109,2025-09-27 08:52:20.060398
112,pro_weight,300,109,2025-09-27 08:52:20.105814
112,pro_weight,300,109,2025-09-27 08:52:20.137496
112,pro_weight,300,109,2025-09-27 08:52:20.167028
112,pro_weight,300,109,2025-09-27 08:52:20.200121
112,pro_weight,300,109,2025-09-27 08:52:20.230157
112,pro_weight,300,109,2025-09-27 08:52:20.269209
112,pro_weight,300,109,2025-09-27 08:52:20.292697
112,pro_weight,300,109,2025-09-27 08:52:20.338725
112,pro_weight,300,109,2025-09-27 08:52:20.370187
112,pro_weight,300,109,2025-09-27 08:52:20.400997
112,pro_weight,300,109,2025-09-27 08:52:20.432704
112,pro_weight,300,109,2025-09-27 08:52:20.464773
112,pro_weight,300,109,2025-09-27 08:52:20.495705
112,pro_weight,300,109,2025-09-27 08:52:20.526514
112,pro_weight,300,109,2025-09-27 08:52:20.556273
112,pro_weight,300,109,2025-09-27 08:52:20.587660
112,pro_weight,300,109,2025-09-27 08:52:20.634090
112,pro_weight,300,109,2025-09-27 08:52:20.665329
112,pro_weight,300,109,2025-09-27 08:52:20.697111
112,pro_weight,300,109,2025-09-27 08:52:20.729170
112,pro_weight,300,109,2025-09-27 08:52:20.759821
112,pro_weight,300,109,2025-09-27 08:52:20.788639
112,pro_weight,300,109,2025-09-27 08:52:20.819812
112,pro_weight,300,109,2025-09-27 08:52:20.850920
112,pro_weight,300,109,2025-09-27 08:52:20.898831
112,pro_weight,300,109,2025-09-27 08:52:20.930681
112,pro_weight,300,109,2025-09-27 08:52:20.961363
112,pro_weight,300,109,2025-09-27 08:52:20.990973
112,pro_weight,300,109,2025-09-27 08:52:21.022608
112,pro_weight,300,109,2025-09-27 08:52:21.052349
112,pro_weight,300,109,2025-09-27 08:52:21.083114
112,pro_weight,300,109,2025-09-27 08:52:21.130941
112,pro_weight,300,109,2025-09-27 08:52:21.162729
112,pro_weight,300,109,2025-09-27 08:52:21.194412
112,pro_weight,300,109,2025-09-27 08:52:21.225272
112,pro_weight,300,109,2025-09-27 08:52:21.257130
112,pro_weight,300,109,2025-09-27 08:52:21.287937
112,pro_weight,300,109,2025-09-27 08:52:21.318368
112,pro_weight,300,109,2025-09-27 08:52:21.350043
112,pro_weight,300,109,2025-09-27 08:52:21.383198
112,pro_weight,300,109,2025-09-27 08:52:21.415022
112,pro_weight,300,109,2025-09-27 08:52:21.445550
112,pro_weight,300,109,2025-09-27 08:52:21.491811
112,pro_weight,300,109,2025-09-27 08:52:21.523280
112,pro_weight,300,109,2025-09-27 08:52:21.555032
112,pro_weight,300,109,2025-09-27 08:52:21.584726
112,pro_weight,300,109,2025-09-27 08:52:21.615085
112,pro_weight,300,109,2025-09-27 08:52:21.647929
112,pro_weight,300,109,2025-09-27 08:52:21.679995
112,pro_weight,300,109,2025-09-27 08:52:21.708614
112,pro_weight,300,109,2025-09-27 08:52:21.759477
112,pro_weight,300,109,2025-09-27 08:52:21.786595
112,pro_weight,300,109,2025-09-27 08:52:21.816792
112,pro_weight,300,109,2025-09-27 08:52:21.848167
112,pro_weight,300,109,2025-09-27 08:52:21.879995
112,pro_weight,300,109,2025-09-27 08:52:21.911688
112,pro_weight,300,109,2025-09-27 08:52:21.943278
112,pro_weight,300,109,2025-09-27 08:52:21.989661
112,pro_weight,300,109,2025-09-27 08:52:22.020346
112,pro_weight,300,109,2025-09-27 08:52:22.051384
112,pro_weight,300,109,2025-09-27 08:52:22.082377
112,pro_weight,300,109,2025-09-27 08:52:22.112408
112,pro_weight,300,109,2025-09-27 08:52:22.143590
112,pro_weight,300,109,2025-09-27 08:52:22.174889
112,pro_weight,300,109,2025-09-27 08:52:22.204681
112,pro_weight,300,109,2025-09-27 08:52:22.252744
112,pro_weight,300,109,2025-09-27 08:52:22.282691
112,pro_weight,300,109,2025-09-27 08:52:22.314780
112,pro_weight,300,109,2025-09-27 08:52:22.344198
112,pro_weight,300,109,2025-09-27 08:52:22.376437
112,pro_weight,300,109,2025-09-27 08:52:22.407874
112,pro_weight,300,109,2025-09-27 08:52:22.438960
112,pro_weight,300,109,2025-09-27 08:52:22.469430
112,pro_weight,300,109,2025-09-27 08:52:22.500570
112,pro_weight,300,109,2025-09-27 08:52:22.549067
112,pro_weight,300,109,2025-09-27 08:52:22.579770
112,pro_weight,300,109,2025-09-27 08:52:22.611533
112,pro_weight,300,109,2025-09-27 08:52:22.641824
112,pro_weight,300,109,2025-09-27 08:52:22.672794
112,pro_weight,300,109,2025-09-27 08:52:22.702966
112,pro_weight,300,109,2025-09-27 08:52:22.733193
112,pro_weight,300,109,2025-09-27 08:52:22.778797
112,pro_weight,300,109,2025-09-27 08:52:22.811201
112,pro_weight,300,109,2025-09-27 08:52:22.842498
112,pro_weight,300,109,2025-09-27 08:52:22.873680
112,pro_weight,300,109,2025-09-27 08:52:22.905281
112,pro_weight,300,109,2025-09-27 08:52:22.936557
112,pro_weight,300,109,2025-09-27 08:52:22.967258
112,pro_weight,300,109,2025-09-27 08:52:23.010823
112,pro_weight,300,109,2025-09-27 08:52:23.032818
112,pro_weight,300,109,2025-09-27 08:52:23.064207
112,pro_weight,300,109,2025-09-27 08:52:23.108671
112,pro_weight,300,109,2025-09-27 08:52:23.140804
112,pro_weight,300,109,2025-09-27 08:52:23.171514
112,pro_weight,300,109,2025-09-27 08:52:23.203295
112,pro_weight,300,109,2025-09-27 08:52:23.235742
112,pro_weight,300,109,2025-09-27 08:52:23.266309
112,pro_weight,300,109,2025-09-27 08:52:23.297420
112,pro_weight,300,109,2025-09-27 08:52:23.329724
112,pro_weight,300,109,2025-09-27 08:52:23.374638
112,pro_weight,300,109,2025-09-27 08:52:23.404697
112,pro_weight,300,109,2025-09-27 08:52:23.436596
112,pro_weight,300,109,2025-09-27 08:52:23.467827
112,pro_weight,300,109,2025-09-27 08:52:23.499951
112,pro_weight,300,109,2025-09-27 08:52:23.531807
112,pro_weight,300,109,2025-09-27 08:52:23.563139
112,pro_weight,300,109,2025-09-27 08:52:23.595643
112,pro_weight,300,109,2025-09-27 08:52:23.626743
112,pro_weight,300,109,2025-09-27 08:52:23.658509
112,pro_weight,300,109,2025-09-27 08:52:23.690322
112,pro_weight,300,109,2025-09-27 08:52:23.735743
112,pro_weight,300,109,2025-09-27 08:52:23.767170
112,pro_weight,300,109,2025-09-27 08:52:23.798963
112,pro_weight,300,109,2025-09-27 08:52:23.830528
112,pro_weight,300,109,2025-09-27 08:52:23.861266
112,pro_weight,300,109,2025-09-27 08:52:23.892832
112,pro_weight,300,109,2025-09-27 08:52:23.923200
112,pro_weight,300,109,2025-09-27 08:52:23.953674
112,pro_weight,300,109,2025-09-27 08:52:24.001226
112,pro_weight,300,109,2025-09-27 08:52:24.033410
112,pro_weight,300,109,2025-09-27 08:52:24.065501
112,pro_weight,300,109,2025-09-27 08:52:24.095253
112,pro_weight,300,109,2025-09-27 08:52:24.126367
112,pro_weight,300,109,2025-09-27 08:52:24.157446
112,pro_weight,300,109,2025-09-27 08:52:24.189376
112,pro_weight,300,109,2025-09-27 08:52:24.219399
112,pro_weight,300,109,2025-09-27 08:52:24.251074
112,pro_weight,300,109,2025-09-27 08:52:24.299082
112,pro_weight,300,109,2025-09-27 08:52:24.329694
112,pro_weight,300,109,2025-09-27 08:52:24.359092
112,pro_weight,300,109,2025-09-27 08:52:24.389658
112,pro_weight,300,109,2025-09-27 08:52:24.421407
112,pro_weight,300,109,2025-09-27 08:52:24.451338
112,pro_weight,300,109,2025-09-27 08:52:24.482715
112,pro_weight,300,109,2025-09-27 08:52:24.531108
112,pro_weight,300,109,2025-09-27 08:52:24.560782
112,pro_weight,300,109,2025-09-27 08:52:24.592307
112,pro_weight,300,109,2025-09-27 08:52:24.622764
112,pro_weight,300,109,2025-09-27 08:52:24.654986
112,pro_weight,300,109,2025-09-27 08:52:24.686939
112,pro_weight,300,109,2025-09-27 08:52:24.717950
112,pro_weight,300,109,2025-09-27 08:52:24.748233
112,pro_weight,300,109,2025-09-27 08:52:24.780421
112,pro_weight,300,109,2025-09-27 08:52:24.812575
112,pro_weight,300,109,2025-09-27 08:52:24.859466
112,pro_weight,300,109,2025-09-27 08:52:24.891521
112,pro_weight,300,109,2025-09-27 08:52:24.923028
112,pro_weight,300,109,2025-09-27 08:52:24.955103
112,pro_weight,300,109,2025-09-27 08:52:24.984758
112,pro_weight,300,109,2025-09-27 08:52:25.016724
112,pro_weight,300,109,2025-09-27 08:52:25.048505
112,pro_weight,300,109,2025-09-27 08:52:25.080241
112,pro_weight,300,109,2025-09-27 08:52:25.111066
112,pro_weight,300,109,2025-09-27 08:52:25.157625
112,pro_weight,300,109,2025-09-27 08:52:25.186476
112,pro_weight,300,109,2025-09-27 08:52:25.218515
112,pro_weight,300,109,2025-09-27 08:52:25.250551
112,pro_weight,300,109,2025-09-27 08:52:25.281266
112,pro_weight,300,109,2025-09-27 08:52:25.311194
112,pro_weight,300,109,2025-09-27 08:52:25.342346
112,pro_weight,300,109,2025-09-27 08:52:25.372350
112,pro_weight,300,109,2025-09-27 08:52:25.422324
112,pro_weight,300,109,2025-09-27 08:52:25.450932
112,pro_weight,300,109,2025-09-27 08:52:25.482633
112,pro_weight,300,109,2025-09-27 08:52:25.514046
112,pro_weight,300,109,2025-09-27 08:52:25.545861
112,pro_weight,300,109,2025-09-27 08:52:25.576310
112,pro_weight,300,109,2025-09-27 08:52:25.609358
112,pro_weight,300,109,2025-09-27 08:52:25.641360
112,pro_weight,300,109,2025-09-27 08:52:25.670035
112,pro_weight,300,109,2025-09-27 08:52:25.701836
112,pro_weight,300,109,2025-09-27 08:52:25.749286
112,pro_weight,300,109,2025-09-27 08:52:25.779788
112,pro_weight,300,109,2025-09-27 08:52:25.810798
112,pro_weight,300,109,2025-09-27 08:52:25.842806
112,pro_weight,300,109,2025-09-27 08:52:25.872864
112,pro_weight,300,109,2025-09-27 08:52:25.903905
112,pro_weight,300,109,2025-09-27 08:52:25.936163
112,pro_weight,300,109,2025-09-27 08:52:25.967404
112,pro_weight,300,109,2025-09-27 08:52:26.013268
112,pro_weight,300,109,2025-09-27 08:52:26.044599
112,pro_weight,300,109,2025-09-27 08:52:26.075660
112,pro_weight,300,109,2025-09-27 08:52:26.106971
112,pro_weight,300,109,2025-09-27 08:52:26.136898
112,pro_weight,300,109,2025-09-27 08:52:26.168902
112,pro_weight,300,109,2025-09-27 08:52:26.201426
112,pro_weight,300,109,2025-09-27 08:52:26.232395
112,pro_weight,300,109,2025-09-27 08:52:26.264871
112,pro_weight,300,109,2025-09-27 08:52:26.312375
112,pro_weight,300,109,2025-09-27 08:52:26.341840
112,pro_weight,300,109,2025-09-27 08:52:26.371652
112,pro_weight,300,109,2025-09-27 08:52:26.403520
112,pro_weight,300,109,2025-09-27 08:52:26.435719
112,pro_weight,300,109,2025-09-27 08:52:26.465148
112,pro_weight,300,109,2025-09-27 08:52:26.495061
112,pro_weight,300,109,2025-09-27 08:52:26.542898
112,pro_weight,300,109,2025-09-27 08:52:26.572977
112,pro_weight,300,109,2025-09-27 08:52:26.604253
112,pro_weight,300,109,2025-09-27 08:52:26.635768
112,pro_weight,300,109,2025-09-27 08:52:26.668369
112,pro_weight,300,109,2025-09-27 08:52:26.698814
112,pro_weight,300,109,2025-09-27 08:52:26.730313
112,pro_weight,300,109,2025-09-27 08:52:26.761903
112,pro_weight,300,109,2025-09-27 08:52:26.793320
112,pro_weight,300,109,2025-09-27 08:52:26.839534
112,pro_weight,300,109,2025-09-27 08:52:26.871145
112,pro_weight,300,109,2025-09-27 08:52:26.901872
112,pro_weight,300,109,2025-09-27 08:52:26.934416
112,pro_weight,300,109,2025-09-27 08:52:26.965466
112,pro_weight,300,109,2025-09-27 08:52:26.997228
112,pro_weight,300,109,2025-09-27 08:52:27.028374
112,pro_weight,300,109,2025-09-27 08:52:27.060398
112,pro_weight,300,109,2025-09-27 08:52:27.090803
112,pro_weight,300,109,2025-09-27 08:52:27.121865
112,pro_weight,300,109,2025-09-27 08:52:27.168521
112,pro_weight,300,109,2025-09-27 08:52:27.199676
112,pro_weight,300,109,2025-09-27 08:52:27.231362
112,pro_weight,300,109,2025-09-27 08:52:27.263698
112,pro_weight,300,109,2025-09-27 08:52:27.294227
112,pro_weight,300,109,2025-09-27 08:52:27.325954
112,pro_weight,300,109,2025-09-27 08:52:27.354996
112,pro_weight,300,109,2025-09-27 08:52:27.385400
112,pro_weight,300,109,2025-09-27 08:52:27.432355
112,pro_weight,300,109,2025-09-27 08:52:27.464335
112,pro_weight,300,109,2025-09-27 08:52:27.495334
112,pro_weight,300,109,2025-09-27 08:52:27.527352
112,pro_weight,300,109,2025-09-27 08:52:27.557901
112,pro_weight,300,109,2025-09-27 08:52:27.591197
112,pro_weight,300,109,2025-09-27 08:52:27.619191
112,pro_weight,300,109,2025-09-27 08:52:27.650548
112,pro_weight,300,109,2025-09-27 08:52:27.682116
112,pro_weight,300,109,2025-09-27 08:52:27.732082
112,pro_weight,300,109,2025-09-27 08:52:27.760064
112,pro_weight,300,109,2025-09-27 08:52:27.791288
112,pro_weight,300,109,2025-09-27 08:52:27.822867
112,pro_weight,300,109,2025-09-27 08:52:27.853838
112,pro_weight,300,109,2025-09-27 08:52:27.883996
112,pro_weight,300,109,2025-09-27 08:52:27.915331
112,pro_weight,300,109,2025-09-27 08:52:27.945857
112,pro_weight,300,109,2025-09-27 08:52:27.994210
112,pro_weight,300,109,2025-09-27 08:52:28.025679
112,pro_weight,300,109,2025-09-27 08:52:28.056724
112,pro_weight,300,109,2025-09-27 08:52:28.088439
112,pro_weight,300,109,2025-09-27 08:52:28.118970
112,pro_weight,300,109,2025-09-27 08:52:28.151119
112,pro_weight,300,109,2025-09-27 08:52:28.182379
112,pro_weight,300,109,2025-09-27 08:52:28.213229
112,pro_weight,300,109,2025-09-27 08:52:28.260432
112,pro_weight,300,109,2025-09-27 08:52:28.275752
112,pro_weight,300,109,2025-09-27 08:52:28.324891
112,pro_weight,300,109,2025-09-27 08:52:28.356931
112,pro_weight,300,109,2025-09-27 08:52:28.388483
112,pro_weight,300,109,2025-09-27 08:52:28.420685
112,pro_weight,300,109,2025-09-27 08:52:28.452194
112,pro_weight,300,109,2025-09-27 08:52:28.481809
112,pro_weight,300,109,2025-09-27 08:52:28.512479
112,pro_weight,300,109,2025-09-27 08:52:28.543871
112,pro_weight,300,109,2025-09-27 08:52:28.573942
112,pro_weight,300,109,2025-09-27 08:52:28.606464
112,pro_weight,300,109,2025-09-27 08:52:28.656860
112,pro_weight,300,109,2025-09-27 08:52:28.683896
112,pro_weight,300,109,2025-09-27 08:52:28.716280
112,pro_weight,300,109,2025-09-27 08:52:28.746922
112,pro_weight,300,109,2025-09-27 08:52:28.778702
112,pro_weight,300,109,2025-09-27 08:52:28.808602
112,pro_weight,300,109,2025-09-27 08:52:28.842124
112,pro_weight,300,109,2025-09-27 08:52:28.871343
112,pro_weight,300,109,2025-09-27 08:52:28.918217
112,pro_weight,300,109,2025-09-27 08:52:28.950839
112,pro_weight,300,109,2025-09-27 08:52:28.981123
112,pro_weight,300,109,2025-09-27 08:52:29.012073
112,pro_weight,300,109,2025-09-27 08:52:29.043553
112,pro_weight,300,109,2025-09-27 08:52:29.073999
112,pro_weight,300,109,2025-09-27 08:52:29.103740
112,pro_weight,300,109,2025-09-27 08:52:29.136542
112,pro_weight,300,109,2025-09-27 08:52:29.168441
112,pro_weight,300,109,2025-09-27 08:52:29.213670
112,pro_weight,300,109,2025-09-27 08:52:29.244946
112,pro_weight,300,109,2025-09-27 08:52:29.275533
112,pro_weight,300,109,2025-09-27 08:52:29.306881
112,pro_weight,300,109,2025-09-27 08:52:29.336807
112,pro_weight,300,109,2025-09-27 08:52:29.367094
112,pro_weight,300,109,2025-09-27 08:52:29.399202
112,pro_weight,300,109,2025-09-27 08:52:29.445694
112,pro_weight,300,109,2025-09-27 08:52:29.479340
112,pro_weight,300,109,2025-09-27 08:52:29.509161
112,pro_weight,300,109,2025-09-27 08:52:29.539238
112,pro_weight,300,109,2025-09-27 08:52:29.569626
112,pro_weight,300,109,2025-09-27 08:52:29.600451
112,pro_weight,300,109,2025-09-27 08:52:29.631921
112,pro_weight,300,109,2025-09-27 08:52:29.664906
112,pro_weight,300,109,2025-09-27 08:52:29.710807
112,pro_weight,300,109,2025-09-27 08:52:29.740925
112,pro_weight,300,109,2025-09-27 08:52:29.772572
112,pro_weight,300,109,2025-09-27 08:52:29.803476
112,pro_weight,300,109,2025-09-27 08:52:29.834150
112,pro_weight,300,109,2025-09-27 08:52:29.866654
112,pro_weight,300,109,2025-09-27 08:52:29.897937
112,pro_weight,300,109,2025-09-27 08:52:29.929744
112,pro_weight,300,109,2025-09-27 08:52:29.961929
112,pro_weight,300,109,2025-09-27 08:52:30.007646
112,pro_weight,300,109,2025-09-27 08:52:30.037028
112,pro_weight,300,109,2025-09-27 08:52:30.067153
112,pro_weight,300,109,2025-09-27 08:52:30.100290
112,pro_weight,300,109,2025-09-27 08:52:30.131147
112,pro_weight,300,109,2025-09-27 08:52:30.162015
112,pro_weight,300,109,2025-09-27 08:52:30.194822
112,pro_weight,300,109,2025-09-27 08:52:30.224665
112,pro_weight,300,109,2025-09-27 08:52:30.270503
112,pro_weight,300,109,2025-09-27 08:52:30.301049
112,pro_weight,300,109,2025-09-27 08:52:30.332836
112,pro_weight,300,109,2025-09-27 08:52:30.365014
112,pro_weight,300,109,2025-09-27 08:52:30.396513
112,pro_weight,300,109,2025-09-27 08:52:30.427515
112,pro_weight,300,109,2025-09-27 08:52:30.460555
112,pro_weight,300,109,2025-09-27 08:52:30.490246
112,pro_weight,300,109,2025-09-27 08:52:30.535219
112,pro_weight,300,109,2025-09-27 08:52:30.565422
112,pro_weight,300,109,2025-09-27 08:52:30.598380
112,pro_weight,300,109,2025-09-27 08:52:30.631402
112,pro_weight,300,109,2025-09-27 08:52:30.661880
112,pro_weight,300,109,2025-09-27 08:52:30.692520
112,pro_weight,300,109,2025-09-27 08:52:30.725091
112,pro_weight,300,109,2025-09-27 08:52:30.755037
112,pro_weight,300,109,2025-09-27 08:52:30.783990
112,pro_weight,300,109,2025-09-27 08:52:30.832852
112,pro_weight,300,109,2025-09-27 08:52:30.864215
112,pro_weight,300,109,2025-09-27 08:52:30.895970
112,pro_weight,300,109,2025-09-27 08:52:30.926042
112,pro_weight,300,109,2025-09-27 08:52:30.957416
112,pro_weight,300,109,2025-09-27 08:52:30.987961
112,pro_weight,300,109,2025-09-27 08:52:31.017563
112,pro_weight,300,109,2025-09-27 08:52:31.049557
112,pro_weight,300,109,2025-09-27 08:52:31.081612
112,pro_weight,300,109,2025-09-27 08:52:31.131285
112,pro_weight,300,109,2025-09-27 08:52:31.160322
112,pro_weight,300,109,2025-09-27 08:52:31.190948
112,pro_weight,300,109,2025-09-27 08:52:31.223643
112,pro_weight,300,109,2025-09-27 08:52:31.251911
112,pro_weight,300,109,2025-09-27 08:52:31.282805
112,pro_weight,300,109,2025-09-27 08:52:31.314242
112,pro_weight,300,109,2025-09-27 08:52:31.344401
112,pro_weight,300,109,2025-09-27 08:52:31.392690
112,pro_weight,300,109,2025-09-27 08:52:31.423635
112,pro_weight,300,109,2025-09-27 08:52:31.451473
112,pro_weight,300,109,2025-09-27 08:52:31.484884
112,pro_weight,300,109,2025-09-27 08:52:31.516511
112,pro_weight,300,109,2025-09-27 08:52:31.546583
112,pro_weight,300,109,2025-09-27 08:52:31.578677
112,pro_weight,300,109,2025-09-27 08:52:31.609860
112,pro_weight,300,109,2025-09-27 08:52:31.658640
112,pro_weight,300,109,2025-09-27 08:52:31.688432
112,pro_weight,300,109,2025-09-27 08:52:31.717974
112,pro_weight,300,109,2025-09-27 08:52:31.749127
112,pro_weight,300,109,2025-09-27 08:52:31.781704
112,pro_weight,300,109,2025-09-27 08:52:31.813901
112,pro_weight,300,109,2025-09-27 08:52:31.845096
112,pro_weight,300,109,2025-09-27 08:52:31.875624
112,pro_weight,300,109,2025-09-27 08:52:31.908212
112,pro_weight,300,109,2025-09-27 08:52:31.956084
112,pro_weight,300,109,2025-09-27 08:52:31.984506
112,pro_weight,300,109,2025-09-27 08:52:32.017539
112,pro_weight,300,109,2025-09-27 08:52:32.048654
112,pro_weight,300,109,2025-09-27 08:52:32.079557
112,pro_weight,300,109,2025-09-27 08:52:32.111067
112,pro_weight,300,109,2025-09-27 08:52:32.143089
112,pro_weight,300,109,2025-09-27 08:52:32.174902
112,pro_weight,300,109,2025-09-27 08:52:32.206091
112,pro_weight,300,109,2025-09-27 08:52:32.236853
112,pro_weight,300,109,2025-09-27 08:52:32.282438
112,pro_weight,300,109,2025-09-27 08:52:32.314152
112,pro_weight,300,109,2025-09-27 08:52:32.346543
112,pro_weight,300,109,2025-09-27 08:52:32.377586
112,pro_weight,300,109,2025-09-27 08:52:32.408951
112,pro_weight,300,109,2025-09-27 08:52:32.438547
112,pro_weight,300,109,2025-09-27 08:52:32.471413
112,pro_weight,300,109,2025-09-27 08:52:32.500872
112,pro_weight,300,109,2025-09-27 08:52:32.547949
112,pro_weight,300,109,2025-09-27 08:52:32.578851
112,pro_weight,300,109,2025-09-27 08:52:32.609133
112,pro_weight,300,109,2025-09-27 08:52:32.638196
112,pro_weight,300,109,2025-09-27 08:52:32.668738
112,pro_weight,300,109,2025-09-27 08:52:32.700966
112,pro_weight,300,109,2025-09-27 08:52:32.746049
112,pro_weight,300,109,2025-09-27 08:52:32.777155
112,pro_weight,300,109,2025-09-27 08:52:32.809760
112,pro_weight,300,109,2025-09-27 08:52:32.840593
112,pro_weight,300,109,2025-09-27 08:52:32.872311
112,pro_weight,300,109,2025-09-27 08:52:32.902648
112,pro_weight,300,109,2025-09-27 08:52:32.934057
112,pro_weight,300,109,2025-09-27 08:52:32.965717
112,pro_weight,300,109,2025-09-27 08:52:32.997663
112,pro_weight,300,109,2025-09-27 08:52:33.043130
112,pro_weight,300,109,2025-09-27 08:52:33.072560
112,pro_weight,300,109,2025-09-27 08:52:33.103628
112,pro_weight,300,109,2025-09-27 08:52:33.134566
112,pro_weight,300,109,2025-09-27 08:52:33.166597
112,pro_weight,300,109,2025-09-27 08:52:33.199320
112,pro_weight,300,109,2025-09-27 08:52:33.231822
112,pro_weight,300,109,2025-09-27 08:52:33.263593
112,pro_weight,300,109,2025-09-27 08:52:33.294101
112,pro_weight,300,109,2025-09-27 08:52:33.339482
112,pro_weight,300,109,2025-09-27 08:52:33.369560
112,pro_weight,300,109,2025-09-27 08:52:33.401371
112,pro_weight,300,109,2025-09-27 08:52:33.433643
112,pro_weight,300,109,2025-09-27 08:52:33.464321
112,pro_weight,300,109,2025-09-27 08:52:33.495070
112,pro_weight,300,109,2025-09-27 08:52:33.528233
112,pro_weight,300,109,2025-09-27 08:52:33.559528
112,pro_weight,300,109,2025-09-27 08:52:33.589260
112,pro_weight,300,109,2025-09-27 08:52:33.635563
112,pro_weight,300,109,2025-09-27 08:52:33.666617
112,pro_weight,300,109,2025-09-27 08:52:33.698758
112,pro_weight,300,109,2025-09-27 08:52:33.730984
112,pro_weight,300,109,2025-09-27 08:52:33.762321
112,pro_weight,300,109,2025-09-27 08:52:33.792588
112,pro_weight,300,109,2025-09-27 08:52:33.824069
112,pro_weight,300,109,2025-09-27 08:52:33.854457
112,pro_weight,300,109,2025-09-27 08:52:33.901744
112,pro_weight,300,109,2025-09-27 08:52:33.933039
112,pro_weight,300,109,2025-09-27 08:52:33.965121
112,pro_weight,300,109,2025-09-27 08:52:33.995164
112,pro_weight,300,8,2025-09-27 08:52:50.747394
112,pro_weight,300,8,2025-09-27 08:52:51.317166
112,pro_weight,300,8,2025-09-27 08:52:51.345187
112,pro_weight,300,8,2025-09-27 08:52:51.378196
112,pro_weight,300,8,2025-09-27 08:52:51.408967
112,pro_weight,300,8,2025-09-27 08:52:51.442540
112,pro_weight,300,8,2025-09-27 08:52:51.475717
112,pro_weight,300,8,2025-09-27 08:52:51.507541
112,pro_weight,300,8,2025-09-27 08:52:51.539680
112,pro_weight,300,8,2025-09-27 08:52:51.573703
112,pro_weight,300,8,2025-09-27 08:52:51.617172
112,pro_weight,300,8,2025-09-27 08:52:51.642255
112,pro_weight,300,8,2025-09-27 08:52:51.679855
112,pro_weight,300,8,2025-09-27 08:52:51.714576
112,pro_weight,300,8,2025-09-27 08:52:51.750913
112,pro_weight,300,8,2025-09-27 08:52:51.783068
112,pro_weight,300,8,2025-09-27 08:52:51.814048
112,pro_weight,300,8,2025-09-27 08:52:51.846032
112,pro_weight,300,8,2025-09-27 08:52:51.876646
112,pro_weight,300,8,2025-09-27 08:52:51.907376
112,pro_weight,300,8,2025-09-27 08:52:51.940410
112,pro_weight,300,8,2025-09-27 08:52:51.971388
112,pro_weight,300,8,2025-09-27 08:52:52.002748
112,pro_weight,300,8,2025-09-27 08:52:52.035309
112,pro_weight,300,8,2025-09-27 08:52:52.067949
112,pro_weight,300,8,2025-09-27 08:52:52.099302
112,pro_weight,300,8,2025-09-27 08:52:52.134766
112,pro_weight,300,8,2025-09-27 08:52:52.162475
112,pro_weight,300,8,2025-09-27 08:52:52.195403
112,pro_weight,300,8,2025-09-27 08:52:52.225766
112,pro_weight,300,8,2025-09-27 08:52:52.258179
112,pro_weight,300,8,2025-09-27 08:52:52.290469
112,pro_weight,300,8,2025-09-27 08:52:52.321221
112,pro_weight,300,8,2025-09-27 08:52:52.353767
112,pro_weight,300,8,2025-09-27 08:52:52.385430
112,pro_weight,300,8,2025-09-27 08:52:52.416510
112,pro_weight,300,8,2025-09-27 08:52:52.448310
112,pro_weight,300,8,2025-09-27 08:52:52.480717
112,pro_weight,300,8,2025-09-27 08:52:52.512473
112,pro_weight,300,8,2025-09-27 08:52:52.544183
112,pro_weight,300,8,2025-09-27 08:52:52.575323
112,pro_weight,300,8,2025-09-27 08:52:52.607301
112,pro_weight,300,8,2025-09-27 08:52:52.639263
112,pro_weight,300,8,2025-09-27 08:52:52.669373
112,pro_weight,300,8,2025-09-27 08:52:52.701137
112,pro_weight,300,8,2025-09-27 08:52:52.733246
112,pro_weight,300,8,2025-09-27 08:52:52.766650
112,pro_weight,300,8,2025-09-27 08:52:52.798394
112,pro_weight,300,8,2025-09-27 08:52:52.830224
112,pro_weight,300,8,2025-09-27 08:53:17.325371
112,pro_weight,300,8,2025-09-27 08:53:17.893671
112,pro_weight,300,8,2025-09-27 08:53:17.926061
112,pro_weight,300,8,2025-09-27 08:53:17.958746
112,pro_weight,300,8,2025-09-27 08:53:17.993591
112,pro_weight,300,8,2025-09-27 08:53:18.020556
112,pro_weight,300,8,2025-09-27 08:53:18.057096
112,pro_weight,300,8,2025-09-27 08:53:18.090439
112,pro_weight,300,8,2025-09-27 08:53:18.126169
112,pro_weight,300,8,2025-09-27 08:53:18.160063
112,pro_weight,300,8,2025-09-27 08:53:18.193658
112,pro_weight,300,8,2025-09-27 08:53:18.225871
112,pro_weight,300,8,2025-09-27 08:53:18.257545
112,pro_weight,300,8,2025-09-27 08:53:18.288162
112,pro_weight,300,8,2025-09-27 08:53:18.321016
112,pro_weight,300,8,2025-09-27 08:53:18.351381
112,pro_weight,300,8,2025-09-27 08:53:18.383934
112,pro_weight,300,8,2025-09-27 08:53:18.413892
112,pro_weight,300,8,2025-09-27 08:53:18.447918
112,pro_weight,300,8,2025-09-27 08:53:18.479061
112,pro_weight,300,8,2025-09-27 08:53:18.511657
112,pro_weight,300,83,2025-09-27 09:00:58.436281
112,pro_weight,300,32,2025-09-27 09:00:58.847595
112,pro_weight,300,8,2025-09-27 09:00:59.337404
112,pro_weight,300,8,2025-09-27 09:00:59.495816
112,pro_weight,300,65,2025-09-27 09:00:59.612428
112,pro_weight,300,32,2025-09-27 09:01:00.342565
112,pro_weight,300,83,2025-09-27 09:01:01.190974
112,pro_weight,300,188,2025-09-27 09:01:01.669560
112,pro_weight,300,8,2025-09-27 09:01:02.012389
112,pro_weight,300,69,2025-09-27 09:01:02.190522
112,pro_weight,300,77,2025-09-27 09:01:02.429831
112,pro_weight,300,73,2025-09-27 09:01:02.916396
112,pro_weight,300,8,2025-09-27 09:01:03.758080
112,pro_weight,300,8,2025-09-27 09:01:03.932425
112,pro_weight,300,8,2025-09-27 09:01:04.092503
112,pro_weight,300,8,2025-09-27 09:01:04.276091
112,pro_weight,300,83,2025-09-27 09:01:06.365782
112,pro_weight,300,69,2025-09-27 09:01:06.509471
112,pro_weight,300,188,2025-09-27 09:01:06.716181
112,pro_weight,300,8,2025-09-27 09:01:07.559223
112,pro_weight,300,77,2025-09-27 09:01:07.812833
112,pro_weight,300,73,2025-09-27 09:01:07.941372
112,pro_weight,300,86,2025-09-27 09:01:08.141011
112,pro_weight,300,65,2025-09-27 09:01:08.229692
112,pro_weight,300,78,2025-09-27 09:01:08.340747
112,pro_weight,300,188,2025-09-27 09:01:08.615198
112,pro_weight,300,32,2025-09-27 09:01:09.045277
112,pro_weight,300,87,2025-09-27 09:01:09.278432
112,pro_weight,300,72,2025-09-27 09:01:09.421948
112,pro_weight,300,73,2025-09-27 09:01:09.549604
112,pro_weight,300,67,2025-09-27 09:01:09.612974
112,pro_weight,300,72,2025-09-27 09:01:09.741602
112,pro_weight,300,32,2025-09-27 09:01:09.869071
112,pro_weight,300,73,2025-09-27 09:01:09.998448
112,pro_weight,300,83,2025-09-27 09:01:10.158193
112,pro_weight,300,32,2025-09-27 09:01:10.318568
112,pro_weight,300,72,2025-09-27 09:01:10.589365
112,pro_weight,300,69,2025-09-27 09:01:10.693896
112,pro_weight,300,65,2025-09-27 09:01:10.806501
112,pro_weight,300,86,2025-09-27 09:01:10.965099
112,pro_weight,300,73,2025-09-27 09:01:11.151920
112,pro_weight,300,69,2025-09-27 09:01:11.540664
112,pro_weight,300,82,2025-09-27 09:01:11.613422
112,pro_weight,300,32,2025-09-27 09:01:11.790836
112,pro_weight,300,84,2025-09-27 09:01:11.902465
112,pro_weight,300,72,2025-09-27 09:01:11.997985
112,pro_weight,300,65,2025-09-27 09:01:12.117037
112,pro_weight,300,78,2025-09-27 09:01:12.244998
112,pro_weight,300,32,2025-09-27 09:01:12.444700
112,pro_weight,300,65,2025-09-27 09:01:12.676971
112,pro_weight,300,32,2025-09-27 09:01:13.247119
112,pro_weight,300,16,2025-09-27 09:01:19.014388
112,pro_weight,300,16,2025-09-27 09:01:19.653653
112,pro_weight,300,67,2025-09-27 09:01:19.727133
112,pro_weight,300,79,2025-09-27 09:01:20.246028
112,pro_weight,300,82,2025-09-27 09:01:20.373399
112,pro_weight,300,79,2025-09-27 09:01:20.559463
112,pro_weight,300,76,2025-09-27 09:01:20.798585
112,pro_weight,300,76,2025-09-27 09:01:20.915882
112,pro_weight,300,65,2025-09-27 09:01:21.086813
112,pro_weight,300,188,2025-09-27 09:01:21.287238
112,pro_weight,300,32,2025-09-27 09:01:21.437683
112,pro_weight,300,87,2025-09-27 09:01:21.885973
112,pro_weight,300,72,2025-09-27 09:01:21.997969
112,pro_weight,300,73,2025-09-27 09:01:22.077534
112,pro_weight,300,67,2025-09-27 09:01:22.296064
112,pro_weight,300,72,2025-09-27 09:01:22.485801
112,pro_weight,300,32,2025-09-27 09:01:22.668020
112,pro_weight,300,73,2025-09-27 09:01:22.798089
112,pro_weight,300,83,2025-09-27 09:01:22.926132
112,pro_weight,300,32,2025-09-27 09:01:23.022103
112,pro_weight,300,72,2025-09-27 09:01:23.149006
112,pro_weight,300,69,2025-09-27 09:01:23.254744
112,pro_weight,300,65,2025-09-27 09:01:23.366234
112,pro_weight,300,68,2025-09-27 09:01:23.565957
112,pro_weight,300,69,2025-09-27 09:01:23.669093
112,pro_weight,300,8,2025-09-27 09:01:24.181527
112,pro_weight,300,8,2025-09-27 09:01:24.349872
112,pro_weight,300,86,2025-09-27 09:01:24.773834
112,pro_weight,300,73,2025-09-27 09:01:25.318735
112,pro_weight,300,69,2025-09-27 09:01:25.437841
112,pro_weight,300,82,2025-09-27 09:01:25.533337
112,pro_weight,300,32,2025-09-27 09:01:25.735298
112,pro_weight,300,84,2025-09-27 09:01:25.877467
112,pro_weight,300,72,2025-09-27 09:01:25.997140
112,pro_weight,300,65,2025-09-27 09:01:26.118466
112,pro_weight,300,78,2025-09-27 09:01:26.229549
112,pro_weight,300,32,2025-09-27 09:01:26.437774
112,pro_weight,300,65,2025-09-27 09:01:26.790099
112,pro_weight,300,32,2025-09-27 09:01:26.989950
112,pro_weight,300,77,2025-09-27 09:01:32.720553
112,pro_weight,300,65,2025-09-27 09:01:34.695668
112,pro_weight,300,83,2025-09-27 09:01:35.606040
112,pro_weight,300,8,2025-09-27 09:01:36.046964
112,pro_weight,300,8,2025-09-27 09:01:36.238101
112,pro_weight,300,8,2025-09-27 09:01:36.716963
112,pro_weight,300,65,2025-09-27 09:01:38.359021
112,pro_weight,300,77,2025-09-27 09:01:38.405024
112,pro_weight,300,8,2025-09-27 09:01:38.863478
112,pro_weight,300,8,2025-09-27 09:01:38.998053
112,pro_weight,300,77,2025-09-27 09:01:39.262207
112,pro_weight,300,65,2025-09-27 09:01:39.422458
112,pro_weight,300,83,2025-09-27 09:01:39.759458
112,pro_weight,300,84,2025-09-27 09:01:39.845625
112,pro_weight,300,73,2025-09-27 09:01:39.959995
112,pro_weight,300,70,2025-09-27 09:01:40.150052
112,pro_weight,300,70,2025-09-27 09:01:40.301158
112,pro_weight,300,188,2025-09-27 09:01:40.510067
112,pro_weight,300,32,2025-09-27 09:01:40.646122
112,pro_weight,300,87,2025-09-27 09:01:40.910357
112,pro_weight,300,72,2025-09-27 09:01:41.086514
112,pro_weight,300,73,2025-09-27 09:01:41.189976
112,pro_weight,300,67,2025-09-27 09:01:41.398837
112,pro_weight,300,72,2025-09-27 09:01:41.574157
112,pro_weight,300,32,2025-09-27 09:01:41.774616
112,pro_weight,300,8,2025-09-27 09:01:42.228991
112,pro_weight,300,8,2025-09-27 09:01:42.728154
112,pro_weight,300,8,2025-09-27 09:01:42.917491
112,pro_weight,300,8,2025-09-27 09:01:43.433171
112,pro_weight,300,8,2025-09-27 09:01:43.463174
112,pro_weight,300,8,2025-09-27 09:01:43.492483
112,pro_weight,300,8,2025-09-27 09:01:43.522911
112,pro_weight,300,8,2025-09-27 09:01:43.554173
112,pro_weight,300,8,2025-09-27 09:01:43.593088
112,pro_weight,300,8,2025-09-27 09:01:43.615525
112,pro_weight,300,8,2025-09-27 09:01:43.662106
112,pro_weight,300,8,2025-09-27 09:01:43.693150
112,pro_weight,300,8,2025-09-27 09:01:43.724761
112,pro_weight,300,8,2025-09-27 09:01:43.757232
112,pro_weight,300,8,2025-09-27 09:01:44.005777
112,pro_weight,300,72,2025-09-27 09:01:45.943378
112,pro_weight,300,85,2025-09-27 09:01:46.262762
112,pro_weight,300,77,2025-09-27 09:01:46.477800
112,pro_weight,300,65,2025-09-27 09:01:46.605701
112,pro_weight,300,78,2025-09-27 09:01:46.862789
112,pro_weight,300,32,2025-09-27 09:01:47.070508
112,pro_weight,300,77,2025-09-27 09:01:47.254373
112,pro_weight,300,65,2025-09-27 09:01:47.349790
112,pro_weight,300,76,2025-09-27 09:01:47.446084
112,pro_weight,300,69,2025-09-27 09:01:47.566423
112,pro_weight,300,188,2025-09-27 09:01:47.725228
112,pro_weight,300,32,2025-09-27 09:01:47.814366
112,pro_weight,300,87,2025-09-27 09:01:48.391825
112,pro_weight,300,72,2025-09-27 09:01:48.509902
112,pro_weight,300,73,2025-09-27 09:01:48.605359
112,pro_weight,300,67,2025-09-27 09:01:48.774701
112,pro_weight,300,72,2025-09-27 09:01:48.838529
112,pro_weight,300,32,2025-09-27 09:01:49.591679
112,pro_weight,300,73,2025-09-27 09:01:49.773872
112,pro_weight,300,83,2025-09-27 09:01:49.928236
112,pro_weight,300,32,2025-09-27 09:01:50.038365
112,pro_weight,300,72,2025-09-27 09:01:50.229831
112,pro_weight,300,69,2025-09-27 09:01:50.382411
112,pro_weight,300,65,2025-09-27 09:01:50.544025
112,pro_weight,300,86,2025-09-27 09:01:50.902291
112,pro_weight,300,73,2025-09-27 09:01:51.102437
112,pro_weight,300,69,2025-09-27 09:01:51.301546
112,pro_weight,300,82,2025-09-27 09:01:51.422048
112,pro_weight,300,32,2025-09-27 09:01:51.561095
112,pro_weight,300,84,2025-09-27 09:01:51.669381
112,pro_weight,300,72,2025-09-27 09:01:51.776946
112,pro_weight,300,65,2025-09-27 09:01:51.911343
112,pro_weight,300,78,2025-09-27 09:01:52.064194
112,pro_weight,300,32,2025-09-27 09:01:52.286543
112,pro_weight,300,65,2025-09-27 09:01:52.486521
112,pro_weight,300,32,2025-09-27 09:01:52.877993
112,pro_weight,300,68,2025-09-27 09:01:54.936156
112,pro_weight,300,79,2025-09-27 09:01:55.022593
112,pro_weight,300,71,2025-09-27 09:01:55.190820
112,pro_weight,300,188,2025-09-27 09:01:55.381832
112,pro_weight,300,32,2025-09-27 09:01:55.526347
112,pro_weight,300,87,2025-09-27 09:01:55.614207
112,pro_weight,300,72,2025-09-27 09:01:55.804145
112,pro_weight,300,73,2025-09-27 09:01:55.876684
112,pro_weight,300,67,2025-09-27 09:01:55.909165
112,pro_weight,300,72,2025-09-27 09:01:56.095548
112,pro_weight,300,32,2025-09-27 09:01:56.238052
112,pro_weight,300,73,2025-09-27 09:01:56.406694
112,pro_weight,300,83,2025-09-27 09:01:56.550318
112,pro_weight,300,32,2025-09-27 09:01:56.647275
112,pro_weight,300,72,2025-09-27 09:01:56.815323
112,pro_weight,300,69,2025-09-27 09:01:56.924196
112,pro_weight,300,65,2025-09-27 09:01:57.109446
112,pro_weight,300,86,2025-09-27 09:01:57.382127
112,pro_weight,300,73,2025-09-27 09:01:57.463042
112,pro_weight,300,69,2025-09-27 09:01:57.720027
112,pro_weight,300,82,2025-09-27 09:01:57.798660
112,pro_weight,300,32,2025-09-27 09:01:58.142645
112,pro_weight,300,84,2025-09-27 09:01:58.413985
112,pro_weight,300,72,2025-09-27 09:01:58.582000
112,pro_weight,300,65,2025-09-27 09:01:58.816667
112,pro_weight,300,78,2025-09-27 09:01:58.952524
112,pro_weight,300,32,2025-09-27 09:01:59.214617
112,pro_weight,300,65,2025-09-27 09:01:59.400219
112,pro_weight,300,32,2025-09-27 09:01:59.929786
112,pro_weight,300,84,2025-09-27 09:02:07.904580
112,pro_weight,300,65,2025-09-27 09:02:07.942724
112,pro_weight,300,66,2025-09-27 09:02:08.078056
112,pro_weight,300,76,2025-09-27 09:02:08.150700
112,pro_weight,300,69,2025-09-27 09:02:08.286364
112,pro_weight,300,188,2025-09-27 09:02:08.551027
112,pro_weight,300,32,2025-09-27 09:02:08.695056
112,pro_weight,300,87,2025-09-27 09:02:09.471489
112,pro_weight,300,72,2025-09-27 09:02:09.663023
112,pro_weight,300,73,2025-09-27 09:02:09.780999
112,pro_weight,300,67,2025-09-27 09:02:09.901537
112,pro_weight,300,72,2025-09-27 09:02:10.022829
112,pro_weight,300,32,2025-09-27 09:02:10.151140
112,pro_weight,300,73,2025-09-27 09:02:10.296691
112,pro_weight,300,83,2025-09-27 09:02:10.455261
112,pro_weight,300,32,2025-09-27 09:02:10.542797
112,pro_weight,300,72,2025-09-27 09:02:10.656100
112,pro_weight,300,69,2025-09-27 09:02:10.774093
112,pro_weight,300,65,2025-09-27 09:02:10.896144
112,pro_weight,300,86,2025-09-27 09:02:11.070694
112,pro_weight,300,73,2025-09-27 09:02:11.143312
112,pro_weight,300,69,2025-09-27 09:02:11.344703
112,pro_weight,300,82,2025-09-27 09:02:11.397795
112,pro_weight,300,32,2025-09-27 09:02:11.567040
112,pro_weight,300,84,2025-09-27 09:02:11.679412
112,pro_weight,300,72,2025-09-27 09:02:11.806161
112,pro_weight,300,65,2025-09-27 09:02:11.981856
112,pro_weight,300,78,2025-09-27 09:02:12.102645
112,pro_weight,300,32,2025-09-27 09:02:12.328689
112,pro_weight,300,65,2025-09-27 09:02:12.496612
112,pro_weight,300,32,2025-09-27 09:02:12.615257
112,pro_weight,300,67,2025-09-27 09:02:12.767126
112,pro_weight,300,72,2025-09-27 09:02:12.879268
112,pro_weight,300,65,2025-09-27 09:02:13.023938
112,pro_weight,300,73,2025-09-27 09:02:13.110239
112,pro_weight,300,82,2025-09-27 09:02:13.246146
112,pro_weight,300,188,2025-09-27 09:02:13.398663
112,pro_weight,300,32,2025-09-27 09:02:13.495277
112,pro_weight,300,87,2025-09-27 09:02:13.638258
112,pro_weight,300,72,2025-09-27 09:02:13.831162
112,pro_weight,300,73,2025-09-27 09:02:13.935660
112,pro_weight,300,67,2025-09-27 09:02:14.068824
112,pro_weight,300,72,2025-09-27 09:02:14.206806
112,pro_weight,300,32,2025-09-27 09:02:14.319169
112,pro_weight,300,73,2025-09-27 09:02:14.460467
112,pro_weight,300,83,2025-09-27 09:02:14.599067
112,pro_weight,300,32,2025-09-27 09:02:14.719826
112,pro_weight,300,72,2025-09-27 09:02:14.863402
112,pro_weight,300,69,2025-09-27 09:02:14.943870
112,pro_weight,300,65,2025-09-27 09:02:15.087181
112,pro_weight,300,86,2025-09-27 09:02:15.294052
112,pro_weight,300,73,2025-09-27 09:02:15.470643
112,pro_weight,300,8,2025-09-27 09:02:16.247403
112,pro_weight,300,8,2025-09-27 09:02:16.704077
112,pro_weight,300,73,2025-09-27 09:02:16.990854
112,pro_weight,300,69,2025-09-27 09:02:17.191646
112,pro_weight,300,82,2025-09-27 09:02:17.279304
112,pro_weight,300,32,2025-09-27 09:02:17.438001
112,pro_weight,300,84,2025-09-27 09:02:17.645744
112,pro_weight,300,72,2025-09-27 09:02:17.766312
112,pro_weight,300,65,2025-09-27 09:02:17.975049
112,pro_weight,300,78,2025-09-27 09:02:18.095381
112,pro_weight,300,32,2025-09-27 09:02:18.359486
112,pro_weight,300,65,2025-09-27 09:02:18.567152
112,pro_weight,300,32,2025-09-27 09:02:18.767503
112,pro_weight,300,80,2025-09-27 09:02:22.033554
112,pro_weight,300,79,2025-09-27 09:02:22.150626
112,pro_weight,300,84,2025-09-27 09:02:22.335302
112,pro_weight,300,188,2025-09-27 09:02:22.581228
112,pro_weight,300,32,2025-09-27 09:02:22.704503
112,pro_weight,300,87,2025-09-27 09:02:22.991625
112,pro_weight,300,72,2025-09-27 09:02:23.137129
112,pro_weight,300,73,2025-09-27 09:02:23.231686
112,pro_weight,300,67,2025-09-27 09:02:23.391482
112,pro_weight,300,72,2025-09-27 09:02:23.519508
112,pro_weight,300,32,2025-09-27 09:02:23.606702
112,pro_weight,300,73,2025-09-27 09:02:23.776493
112,pro_weight,300,83,2025-09-27 09:02:23.934999
112,pro_weight,300,32,2025-09-27 09:02:24.063056
112,pro_weight,300,72,2025-09-27 09:02:24.144493
112,pro_weight,300,69,2025-09-27 09:02:24.367599
112,pro_weight,300,65,2025-09-27 09:02:24.517278
112,pro_weight,300,86,2025-09-27 09:02:24.743509
112,pro_weight,300,73,2025-09-27 09:02:24.871264
112,pro_weight,300,69,2025-09-27 09:02:25.161834
112,pro_weight,300,82,2025-09-27 09:02:25.327532
112,pro_weight,300,32,2025-09-27 09:02:25.439528
112,pro_weight,300,84,2025-09-27 09:02:25.687719
112,pro_weight,300,72,2025-09-27 09:02:25.798466
112,pro_weight,300,65,2025-09-27 09:02:26.168317
112,pro_weight,300,78,2025-09-27 09:02:26.271220
112,pro_weight,300,32,2025-09-27 09:02:26.463576
112,pro_weight,300,65,2025-09-27 09:02:26.623580
112,pro_weight,300,32,2025-09-27 09:02:26.711444
112,pro_weight,300,67,2025-09-27 09:02:26.887665
112,pro_weight,300,65,2025-09-27 09:02:27.016107
112,pro_weight,300,78,2025-09-27 09:02:27.080800
112,pro_weight,300,32,2025-09-27 09:02:27.248681
112,pro_weight,300,79,2025-09-27 09:02:27.392230
112,pro_weight,300,70,2025-09-27 09:02:27.486321
112,pro_weight,300,32,2025-09-27 09:02:27.583560
112,pro_weight,300,16,2025-09-27 09:02:27.781735
112,pro_weight,300,67,2025-09-27 09:02:27.879421
112,pro_weight,300,79,2025-09-27 09:02:28.088582
112,pro_weight,300,75,2025-09-27 09:02:28.212427
112,pro_weight,300,69,2025-09-27 09:02:28.382321
112,pro_weight,300,188,2025-09-27 09:02:28.583415
112,pro_weight,300,32,2025-09-27 09:02:28.718121
112,pro_weight,300,87,2025-09-27 09:02:29.071530
112,pro_weight,300,8,2025-09-27 09:02:29.947290
112,pro_weight,300,8,2025-09-27 09:02:31.479754
112,pro_weight,300,8,2025-09-27 09:02:31.654826
112,pro_weight,300,8,2025-09-27 09:02:32.535386
112,pro_weight,300,8,2025-09-27 09:02:33.045664
112,pro_weight,300,8,2025-09-27 09:02:33.075569
112,pro_weight,300,8,2025-09-27 09:02:33.106853
112,pro_weight,300,8,2025-09-27 09:02:33.138287
112,pro_weight,300,8,2025-09-27 09:02:33.170125
112,pro_weight,300,8,2025-09-27 09:02:33.202848
112,pro_weight,300,8,2025-09-27 09:02:33.233237
112,pro_weight,300,8,2025-09-27 09:02:33.279776
112,pro_weight,300,8,2025-09-27 09:02:33.310734
112,pro_weight,300,8,2025-09-27 09:02:35.760863
112,pro_weight,300,66,2025-09-27 09:02:36.375534
112,pro_weight,300,79,2025-09-27 09:02:36.446545
112,pro_weight,300,87,2025-09-27 09:02:36.586034
112,pro_weight,300,76,2025-09-27 09:02:36.767778
112,pro_weight,300,188,2025-09-27 09:02:37.031733
112,pro_weight,300,32,2025-09-27 09:02:37.135407
112,pro_weight,300,87,2025-09-27 09:02:37.271396
112,pro_weight,300,72,2025-09-27 09:02:37.400407
112,pro_weight,300,73,2025-09-27 09:02:37.479408
112,pro_weight,300,67,2025-09-27 09:02:37.575998
112,pro_weight,300,72,2025-09-27 09:02:37.705054
112,pro_weight,300,32,2025-09-27 09:02:37.792291
112,pro_weight,300,73,2025-09-27 09:02:37.929027
112,pro_weight,300,83,2025-09-27 09:02:38.056569
112,pro_weight,300,32,2025-09-27 09:02:38.176506
112,pro_weight,300,72,2025-09-27 09:02:38.319795
112,pro_weight,300,69,2025-09-27 09:02:38.431959
112,pro_weight,300,65,2025-09-27 09:02:38.552320
112,pro_weight,300,86,2025-09-27 09:02:38.761039
112,pro_weight,300,73,2025-09-27 09:02:38.864323
112,pro_weight,300,69,2025-09-27 09:02:39.119492
112,pro_weight,300,82,2025-09-27 09:02:39.240033
112,pro_weight,300,32,2025-09-27 09:02:39.415637
112,pro_weight,300,84,2025-09-27 09:02:39.592375
112,pro_weight,300,72,2025-09-27 09:02:39.712320
112,pro_weight,300,65,2025-09-27 09:02:39.943910
112,pro_weight,300,78,2025-09-27 09:02:40.057519
112,pro_weight,300,32,2025-09-27 09:02:40.257022
112,pro_weight,300,65,2025-09-27 09:02:40.457161
112,pro_weight,300,32,2025-09-27 09:02:40.488086
112,pro_weight,300,83,2025-09-27 09:02:40.824052
112,pro_weight,300,80,2025-09-27 09:02:40.913707
112,pro_weight,300,65,2025-09-27 09:02:41.088100
112,pro_weight,300,84,2025-09-27 09:02:41.191048
112,pro_weight,300,85,2025-09-27 09:02:41.264038
112,pro_weight,300,76,2025-09-27 09:02:41.367548
112,pro_weight,300,65,2025-09-27 09:02:41.519910
112,pro_weight,300,188,2025-09-27 09:02:41.688633
112,pro_weight,300,32,2025-09-27 09:02:41.790682
112,pro_weight,300,87,2025-09-27 09:02:41.903880
112,pro_weight,300,72,2025-09-27 09:02:42.055397
112,pro_weight,300,73,2025-09-27 09:02:42.135089
112,pro_weight,300,67,2025-09-27 09:02:42.264465
112,pro_weight,300,72,2025-09-27 09:02:42.376461
112,pro_weight,300,32,2025-09-27 09:02:42.488089
112,pro_weight,300,73,2025-09-27 09:02:42.663980
112,pro_weight,300,83,2025-09-27 09:02:42.830571
112,pro_weight,300,32,2025-09-27 09:02:42.928544
112,pro_weight,300,72,2025-09-27 09:02:43.096248
112,pro_weight,300,69,2025-09-27 09:02:43.230881
112,pro_weight,300,65,2025-09-27 09:02:43.367204
112,pro_weight,300,86,2025-09-27 09:02:43.559135
112,pro_weight,300,73,2025-09-27 09:02:43.663198
112,pro_weight,300,69,2025-09-27 09:02:43.864342
112,pro_weight,300,82,2025-09-27 09:02:43.936818
112,pro_weight,300,32,2025-09-27 09:02:44.047454
112,pro_weight,300,84,2025-09-27 09:02:44.206836
112,pro_weight,300,72,2025-09-27 09:02:44.312725
112,pro_weight,300,65,2025-09-27 09:02:44.392482
112,pro_weight,300,78,2025-09-27 09:02:44.567670
112,pro_weight,300,32,2025-09-27 09:02:44.791897
112,pro_weight,300,67,2025-09-27 09:02:44.946927
112,pro_weight,300,72,2025-09-27 09:02:45.047145
112,pro_weight,300,79,2025-09-27 09:02:45.246745
112,pro_weight,300,80,2025-09-27 09:02:45.465423
112,pro_weight,300,83,2025-09-27 09:02:45.575666
112,pro_weight,300,84,2025-09-27 09:02:45.655816
112,pro_weight,300,73,2025-09-27 09:02:45.750190
112,pro_weight,300,32,2025-09-27 09:02:45.953126
112,pro_weight,300,75,2025-09-27 09:02:46.057348
112,pro_weight,300,83,2025-09-27 09:02:46.193244
112,pro_weight,300,188,2025-09-27 09:02:46.377377
112,pro_weight,300,8,2025-09-27 09:02:46.615342
112,pro_weight,300,8,2025-09-27 09:02:46.704249
112,pro_weight,300,8,2025-09-27 09:02:46.903642
112,pro_weight,300,8,2025-09-27 09:02:47.049402
112,pro_weight,300,75,2025-09-27 09:02:47.240560
112,pro_weight,300,83,2025-09-27 09:02:47.465356
112,pro_weight,300,188,2025-09-27 09:02:47.640388
112,pro_weight,300,32,2025-09-27 09:02:47.743199
112,pro_weight,300,87,2025-09-27 09:02:48.137441
112,pro_weight,300,8,2025-09-27 09:02:53.058713
112,pro_weight,300,8,2025-09-27 09:02:53.152988
112,pro_weight,300,8,2025-09-27 09:02:53.353709
112,pro_weight,300,9,2025-09-27 09:02:54.186570
112,pro_weight,300,81,2025-09-27 09:02:55.921538
112,pro_weight,300,20,2025-09-27 09:03:00.250731
112,pro_weight,300,81,2025-09-27 09:03:03.280825
112,pro_weight,300,81,2025-09-27 09:03:03.816230
112,pro_weight,300,81,2025-09-27 09:03:04.025791
112,pro_weight,300,68,2025-09-27 09:03:06.536354
112,pro_weight,300,68,2025-09-27 09:03:06.903951
112,pro_weight,300,9,2025-09-27 09:03:10.028408
112,pro_weight,300,9,2025-09-27 09:03:10.769650
112,pro_weight,300,81,2025-09-27 09:03:11.816568
112,pro_weight,300,81,2025-09-27 09:03:11.975849
112,pro_weight,300,81,2025-09-27 09:03:12.142716
112,pro_weight,300,20,2025-09-27 09:03:13.312650
112,pro_weight,300,81,2025-09-27 09:03:14.175369
112,pro_weight,300,81,2025-09-27 09:03:14.375339
112,pro_weight,300,81,2025-09-27 09:03:15.456057
